factor,dataset,horizon,seed,seq_len,recent_len,pool,mse,mae,parameter_count,record
history,ETTm1,96,2021,192,96,16,0.3744138667925554,0.4043954458790197,1003725,/home/cwh/Time-Series-Library/logs/timerole_p0/sensitivity/records/sensitivity_history_ettm1_h96_l192_r96_p16_s2021.json
history,ETTm1,96,2021,336,96,16,0.36726530072887054,0.39932166550002196,1004013,/home/cwh/Time-Series-Library/logs/timerole_p0/sensitivity/records/sensitivity_history_ettm1_h96_l336_r96_p16_s2021.json
history,ETTm1,96,2021,720,96,16,0.3720263995907636,0.4051691147236945,1004781,/home/cwh/Time-Series-Library/logs/timerole_p0/sensitivity/records/sensitivity_history_ettm1_h96_l720_r96_p16_s2021.json
history,ETTm1,96,2021,960,96,16,0.37179880908768514,0.40521799055526586,1005261,/home/cwh/Time-Series-Library/logs/timerole_p0/sensitivity/records/sensitivity_history_ettm1_h96_l960_r96_p16_s2021.json
history,ETTm1,720,2021,192,96,16,0.9442455232744561,0.6442688193955347,6835629,/home/cwh/Time-Series-Library/logs/timerole_p0/sensitivity/records/sensitivity_history_ettm1_h720_l192_r96_p16_s2021.json
history,ETTm1,720,2021,336,96,16,0.9375137423664108,0.6386823799682165,6835917,/home/cwh/Time-Series-Library/logs/timerole_p0/sensitivity/records/sensitivity_history_ettm1_h720_l336_r96_p16_s2021.json
history,ETTm1,720,2021,720,96,16,0.9177090352623416,0.6351016676644937,6836685,/home/cwh/Time-Series-Library/logs/timerole_p0/sensitivity/records/sensitivity_history_ettm1_h720_l720_r96_p16_s2021.json
history,ETTm1,720,2021,960,96,16,0.8901066233464384,0.6310252859886394,6837165,/home/cwh/Time-Series-Library/logs/timerole_p0/sensitivity/records/sensitivity_history_ettm1_h720_l960_r96_p16_s2021.json
history,ETTm2,96,2021,192,96,16,0.12202671223336661,0.24031558089471428,1003725,/home/cwh/Time-Series-Library/logs/timerole_p0/sensitivity/records/sensitivity_history_ettm2_h96_l192_r96_p16_s2021.json
history,ETTm2,96,2021,336,96,16,0.12258272021862943,0.24263524731807662,1004013,/home/cwh/Time-Series-Library/logs/timerole_p0/sensitivity/records/sensitivity_history_ettm2_h96_l336_r96_p16_s2021.json
history,ETTm2,96,2021,720,96,16,0.12458779551851956,0.2442642476144552,1004781,/home/cwh/Time-Series-Library/logs/timerole_p0/sensitivity/records/sensitivity_history_ettm2_h96_l720_r96_p16_s2021.json
history,ETTm2,96,2021,960,96,16,0.12107417836715445,0.24078093939850054,1005261,/home/cwh/Time-Series-Library/logs/timerole_p0/sensitivity/records/sensitivity_history_ettm2_h96_l960_r96_p16_s2021.json
history,ETTm2,720,2021,192,96,16,0.2784740728406155,0.36027670373024046,6835629,/home/cwh/Time-Series-Library/logs/timerole_p0/sensitivity/records/sensitivity_history_ettm2_h720_l192_r96_p16_s2021.json
history,ETTm2,720,2021,336,96,16,0.27762787438709013,0.3598609627746108,6835917,/home/cwh/Time-Series-Library/logs/timerole_p0/sensitivity/records/sensitivity_history_ettm2_h720_l336_r96_p16_s2021.json
history,ETTm2,720,2021,720,96,16,0.279844973632613,0.3661868886458099,6836685,/home/cwh/Time-Series-Library/logs/timerole_p0/sensitivity/records/sensitivity_history_ettm2_h720_l720_r96_p16_s2021.json
history,ETTm2,720,2021,960,96,16,0.29199486422324994,0.3675233780893372,6837165,/home/cwh/Time-Series-Library/logs/timerole_p0/sensitivity/records/sensitivity_history_ettm2_h720_l960_r96_p16_s2021.json
history,weather,96,2021,192,96,16,0.3893661366338315,0.2715300246727868,1004775,/home/cwh/Time-Series-Library/logs/timerole_p0/sensitivity/records/sensitivity_history_weather_h96_l192_r96_p16_s2021.json
history,weather,96,2021,336,96,16,0.3836502538306171,0.26917284113490025,1005063,/home/cwh/Time-Series-Library/logs/timerole_p0/sensitivity/records/sensitivity_history_weather_h96_l336_r96_p16_s2021.json
history,weather,96,2021,720,96,16,0.37977812548300194,0.26952382421979837,1005831,/home/cwh/Time-Series-Library/logs/timerole_p0/sensitivity/records/sensitivity_history_weather_h96_l720_r96_p16_s2021.json
history,weather,96,2021,960,96,16,0.3731077836022568,0.26674429172223063,1006311,/home/cwh/Time-Series-Library/logs/timerole_p0/sensitivity/records/sensitivity_history_weather_h96_l960_r96_p16_s2021.json
history,weather,720,2021,192,96,16,0.6662860509500499,0.45254741887784633,6836679,/home/cwh/Time-Series-Library/logs/timerole_p0/sensitivity/records/sensitivity_history_weather_h720_l192_r96_p16_s2021.json
history,weather,720,2021,336,96,16,0.6444935420457841,0.4406900187880244,6836967,/home/cwh/Time-Series-Library/logs/timerole_p0/sensitivity/records/sensitivity_history_weather_h720_l336_r96_p16_s2021.json
history,weather,720,2021,720,96,16,0.5968195541787069,0.4127976224536819,6837735,/home/cwh/Time-Series-Library/logs/timerole_p0/sensitivity/records/sensitivity_history_weather_h720_l720_r96_p16_s2021.json
history,weather,720,2021,960,96,16,0.5885568556633725,0.40853375742539866,6838215,/home/cwh/Time-Series-Library/logs/timerole_p0/sensitivity/records/sensitivity_history_weather_h720_l960_r96_p16_s2021.json
recent,ETTm1,96,2021,336,48,16,0.37694996275081477,0.40730788781914445,555597,/home/cwh/Time-Series-Library/logs/timerole_p0/sensitivity/records/sensitivity_recent_ettm1_h96_l336_r48_p16_s2021.json
recent,ETTm1,96,2021,336,192,16,0.35747413735122896,0.3953485345577118,1900845,/home/cwh/Time-Series-Library/logs/timerole_p0/sensitivity/records/sensitivity_recent_ettm1_h96_l336_r192_p16_s2021.json
pool,ETTm1,96,2021,336,96,8,0.36567354872237395,0.3983002703103148,1004493,/home/cwh/Time-Series-Library/logs/timerole_p0/sensitivity/records/sensitivity_pool_ettm1_h96_l336_r96_p8_s2021.json
pool,ETTm1,96,2021,336,96,24,0.36838413312855744,0.4003244206248764,1003853,/home/cwh/Time-Series-Library/logs/timerole_p0/sensitivity/records/sensitivity_pool_ettm1_h96_l336_r96_p24_s2021.json
recent,ETTm1,720,2021,336,48,16,0.9475601165814673,0.6426178383091733,3482157,/home/cwh/Time-Series-Library/logs/timerole_p0/sensitivity/records/sensitivity_recent_ettm1_h720_l336_r48_p16_s2021.json
recent,ETTm1,720,2021,336,192,16,0.9437937823734078,0.6425759091374182,13543437,/home/cwh/Time-Series-Library/logs/timerole_p0/sensitivity/records/sensitivity_recent_ettm1_h720_l336_r192_p16_s2021.json
pool,ETTm1,720,2021,336,96,8,0.9363751004256476,0.6385034767630183,6836397,/home/cwh/Time-Series-Library/logs/timerole_p0/sensitivity/records/sensitivity_pool_ettm1_h720_l336_r96_p8_s2021.json
pool,ETTm1,720,2021,336,96,24,0.9352679004842107,0.6399492852631912,6835757,/home/cwh/Time-Series-Library/logs/timerole_p0/sensitivity/records/sensitivity_pool_ettm1_h720_l336_r96_p24_s2021.json
recent,ETTm2,96,2021,336,48,16,0.12224229993578715,0.24246853518289763,555597,/home/cwh/Time-Series-Library/logs/timerole_p0/sensitivity/records/sensitivity_recent_ettm2_h96_l336_r48_p16_s2021.json
recent,ETTm2,96,2021,336,192,16,0.12292554234767737,0.24092712249111928,1900845,/home/cwh/Time-Series-Library/logs/timerole_p0/sensitivity/records/sensitivity_recent_ettm2_h96_l336_r192_p16_s2021.json
pool,ETTm2,96,2021,336,96,8,0.12188406180848525,0.24195272078796812,1004493,/home/cwh/Time-Series-Library/logs/timerole_p0/sensitivity/records/sensitivity_pool_ettm2_h96_l336_r96_p8_s2021.json
pool,ETTm2,96,2021,336,96,24,0.12262021281737343,0.24274283993526138,1003853,/home/cwh/Time-Series-Library/logs/timerole_p0/sensitivity/records/sensitivity_pool_ettm2_h96_l336_r96_p24_s2021.json
recent,ETTm2,720,2021,336,48,16,0.28778386261679545,0.3714539345160253,3482157,/home/cwh/Time-Series-Library/logs/timerole_p0/sensitivity/records/sensitivity_recent_ettm2_h720_l336_r48_p16_s2021.json
recent,ETTm2,720,2021,336,192,16,0.27033712660735,0.35785537715622945,13543437,/home/cwh/Time-Series-Library/logs/timerole_p0/sensitivity/records/sensitivity_recent_ettm2_h720_l336_r192_p16_s2021.json
pool,ETTm2,720,2021,336,96,8,0.2770962780107419,0.3594592504248945,6836397,/home/cwh/Time-Series-Library/logs/timerole_p0/sensitivity/records/sensitivity_pool_ettm2_h720_l336_r96_p8_s2021.json
pool,ETTm2,720,2021,336,96,24,0.2777636274357611,0.3598239094333794,6835757,/home/cwh/Time-Series-Library/logs/timerole_p0/sensitivity/records/sensitivity_pool_ettm2_h720_l336_r96_p24_s2021.json
history,ETTm1,96,2022,192,96,16,0.37591121163308105,0.40609355368837285,1003725,/home/cwh/Time-Series-Library/logs/timerole_p0/sensitivity/records/sensitivity_history_ettm1_h96_l192_r96_p16_s2022.json
history,ETTm1,96,2022,336,96,16,0.36887038328976285,0.4020315230606968,1004013,/home/cwh/Time-Series-Library/logs/timerole_p0/sensitivity/records/sensitivity_history_ettm1_h96_l336_r96_p16_s2022.json
history,ETTm1,96,2022,720,96,16,0.3762459618108427,0.40752076932337306,1004781,/home/cwh/Time-Series-Library/logs/timerole_p0/sensitivity/records/sensitivity_history_ettm1_h96_l720_r96_p16_s2022.json
history,ETTm1,96,2022,960,96,16,0.3732240238807792,0.40796807277099506,1005261,/home/cwh/Time-Series-Library/logs/timerole_p0/sensitivity/records/sensitivity_history_ettm1_h96_l960_r96_p16_s2022.json
history,ETTm1,720,2022,192,96,16,0.9461961488273885,0.6435569965751949,6835629,/home/cwh/Time-Series-Library/logs/timerole_p0/sensitivity/records/sensitivity_history_ettm1_h720_l192_r96_p16_s2022.json
history,ETTm1,720,2022,336,96,16,0.9378185867908138,0.6390822878394242,6835917,/home/cwh/Time-Series-Library/logs/timerole_p0/sensitivity/records/sensitivity_history_ettm1_h720_l336_r96_p16_s2022.json
history,ETTm1,720,2022,720,96,16,0.9194648605182244,0.6372916737562788,6836685,/home/cwh/Time-Series-Library/logs/timerole_p0/sensitivity/records/sensitivity_history_ettm1_h720_l720_r96_p16_s2022.json
history,ETTm1,720,2022,960,96,16,0.9023715197524517,0.6348136113411934,6837165,/home/cwh/Time-Series-Library/logs/timerole_p0/sensitivity/records/sensitivity_history_ettm1_h720_l960_r96_p16_s2022.json
history,ETTm2,96,2022,192,96,16,0.12161770014163167,0.23915733818760934,1003725,/home/cwh/Time-Series-Library/logs/timerole_p0/sensitivity/records/sensitivity_history_ettm2_h96_l192_r96_p16_s2022.json
history,ETTm2,96,2022,336,96,16,0.1265490962540568,0.24569370763456125,1004013,/home/cwh/Time-Series-Library/logs/timerole_p0/sensitivity/records/sensitivity_history_ettm2_h96_l336_r96_p16_s2022.json
history,ETTm2,96,2022,720,96,16,0.12326806572038357,0.24306244761021892,1004781,/home/cwh/Time-Series-Library/logs/timerole_p0/sensitivity/records/sensitivity_history_ettm2_h96_l720_r96_p16_s2022.json
history,ETTm2,96,2022,960,96,16,0.12236259807754808,0.2424860871368564,1005261,/home/cwh/Time-Series-Library/logs/timerole_p0/sensitivity/records/sensitivity_history_ettm2_h96_l960_r96_p16_s2022.json
history,ETTm2,720,2022,192,96,16,0.2775743232744194,0.3582707412430029,6835629,/home/cwh/Time-Series-Library/logs/timerole_p0/sensitivity/records/sensitivity_history_ettm2_h720_l192_r96_p16_s2022.json
history,ETTm2,720,2022,336,96,16,0.27418926051430237,0.36110492090380925,6835917,/home/cwh/Time-Series-Library/logs/timerole_p0/sensitivity/records/sensitivity_history_ettm2_h720_l336_r96_p16_s2022.json
history,ETTm2,720,2022,720,96,16,0.27574562810743153,0.35758489205632094,6836685,/home/cwh/Time-Series-Library/logs/timerole_p0/sensitivity/records/sensitivity_history_ettm2_h720_l720_r96_p16_s2022.json
history,ETTm2,720,2022,960,96,16,0.2829823049652865,0.36973791086656027,6837165,/home/cwh/Time-Series-Library/logs/timerole_p0/sensitivity/records/sensitivity_history_ettm2_h720_l960_r96_p16_s2022.json
history,weather,96,2022,192,96,16,0.38744080745865805,0.26905958504593086,1004775,/home/cwh/Time-Series-Library/logs/timerole_p0/sensitivity/records/sensitivity_history_weather_h96_l192_r96_p16_s2022.json
history,weather,96,2022,336,96,16,0.38120108622640253,0.2671191067399811,1005063,/home/cwh/Time-Series-Library/logs/timerole_p0/sensitivity/records/sensitivity_history_weather_h96_l336_r96_p16_s2022.json
history,weather,96,2022,720,96,16,0.3780336258640118,0.26964927835393543,1005831,/home/cwh/Time-Series-Library/logs/timerole_p0/sensitivity/records/sensitivity_history_weather_h96_l720_r96_p16_s2022.json
history,weather,96,2022,960,96,16,0.3721147237783122,0.266285274491867,1006311,/home/cwh/Time-Series-Library/logs/timerole_p0/sensitivity/records/sensitivity_history_weather_h96_l960_r96_p16_s2022.json
history,weather,720,2022,192,96,16,0.6648728325541715,0.45245540567925285,6836679,/home/cwh/Time-Series-Library/logs/timerole_p0/sensitivity/records/sensitivity_history_weather_h720_l192_r96_p16_s2022.json
history,weather,720,2022,336,96,16,0.6443018582516169,0.4404330302100881,6836967,/home/cwh/Time-Series-Library/logs/timerole_p0/sensitivity/records/sensitivity_history_weather_h720_l336_r96_p16_s2022.json
history,weather,720,2022,720,96,16,0.5967269798880254,0.4139055558898039,6837735,/home/cwh/Time-Series-Library/logs/timerole_p0/sensitivity/records/sensitivity_history_weather_h720_l720_r96_p16_s2022.json
history,weather,720,2022,960,96,16,0.5871791179972075,0.40892589812337016,6838215,/home/cwh/Time-Series-Library/logs/timerole_p0/sensitivity/records/sensitivity_history_weather_h720_l960_r96_p16_s2022.json
recent,ETTm1,96,2022,336,48,16,0.3726173760129025,0.40410246950519,555597,/home/cwh/Time-Series-Library/logs/timerole_p0/sensitivity/records/sensitivity_recent_ettm1_h96_l336_r48_p16_s2022.json
recent,ETTm1,96,2022,336,192,16,0.3638636684944397,0.3965909571169167,1900845,/home/cwh/Time-Series-Library/logs/timerole_p0/sensitivity/records/sensitivity_recent_ettm1_h96_l336_r192_p16_s2022.json
pool,ETTm1,96,2022,336,96,8,0.3687803647338543,0.40269275178757263,1004493,/home/cwh/Time-Series-Library/logs/timerole_p0/sensitivity/records/sensitivity_pool_ettm1_h96_l336_r96_p8_s2022.json
pool,ETTm1,96,2022,336,96,24,0.3715628098422964,0.4029429656753469,1003853,/home/cwh/Time-Series-Library/logs/timerole_p0/sensitivity/records/sensitivity_pool_ettm1_h96_l336_r96_p24_s2022.json
recent,ETTm1,720,2022,336,48,16,0.946304270722655,0.6421198306566632,3482157,/home/cwh/Time-Series-Library/logs/timerole_p0/sensitivity/records/sensitivity_recent_ettm1_h720_l336_r48_p16_s2022.json
recent,ETTm1,720,2022,336,192,16,0.9401132306066329,0.6378456012986516,13543437,/home/cwh/Time-Series-Library/logs/timerole_p0/sensitivity/records/sensitivity_recent_ettm1_h720_l336_r192_p16_s2022.json
pool,ETTm1,720,2022,336,96,8,0.9342471227713245,0.6370111333546975,6836397,/home/cwh/Time-Series-Library/logs/timerole_p0/sensitivity/records/sensitivity_pool_ettm1_h720_l336_r96_p8_s2022.json
pool,ETTm1,720,2022,336,96,24,0.9335549148555377,0.6378383787203988,6835757,/home/cwh/Time-Series-Library/logs/timerole_p0/sensitivity/records/sensitivity_pool_ettm1_h720_l336_r96_p24_s2022.json
recent,ETTm2,96,2022,336,48,16,0.1248945531619518,0.24521746929677884,555597,/home/cwh/Time-Series-Library/logs/timerole_p0/sensitivity/records/sensitivity_recent_ettm2_h96_l336_r48_p16_s2022.json
recent,ETTm2,96,2022,336,192,16,0.1224161760407313,0.2425862660675828,1900845,/home/cwh/Time-Series-Library/logs/timerole_p0/sensitivity/records/sensitivity_recent_ettm2_h96_l336_r192_p16_s2022.json
pool,ETTm2,96,2022,336,96,8,0.12488589284667699,0.24411222308628805,1004493,/home/cwh/Time-Series-Library/logs/timerole_p0/sensitivity/records/sensitivity_pool_ettm2_h96_l336_r96_p8_s2022.json
pool,ETTm2,96,2022,336,96,24,0.126182710634764,0.24576820212552308,1003853,/home/cwh/Time-Series-Library/logs/timerole_p0/sensitivity/records/sensitivity_pool_ettm2_h96_l336_r96_p24_s2022.json
recent,ETTm2,720,2022,336,48,16,0.2860611550345592,0.368864495872778,3482157,/home/cwh/Time-Series-Library/logs/timerole_p0/sensitivity/records/sensitivity_recent_ettm2_h720_l336_r48_p16_s2022.json
recent,ETTm2,720,2022,336,192,16,0.26840025888450675,0.3531765447093789,13543437,/home/cwh/Time-Series-Library/logs/timerole_p0/sensitivity/records/sensitivity_recent_ettm2_h720_l336_r192_p16_s2022.json
pool,ETTm2,720,2022,336,96,8,0.2740000382638136,0.36119910098350544,6836397,/home/cwh/Time-Series-Library/logs/timerole_p0/sensitivity/records/sensitivity_pool_ettm2_h720_l336_r96_p8_s2022.json
pool,ETTm2,720,2022,336,96,24,0.2750106662425414,0.3624277182827285,6835757,/home/cwh/Time-Series-Library/logs/timerole_p0/sensitivity/records/sensitivity_pool_ettm2_h720_l336_r96_p24_s2022.json
history,ETTm1,96,2023,192,96,16,0.37424420377320516,0.4047470773313522,1003725,/home/cwh/Time-Series-Library/logs/timerole_p0/sensitivity/records/sensitivity_history_ettm1_h96_l192_r96_p16_s2023.json
history,ETTm1,96,2023,336,96,16,0.36684479229199557,0.401603290656836,1004013,/home/cwh/Time-Series-Library/logs/timerole_p0/sensitivity/records/sensitivity_history_ettm1_h96_l336_r96_p16_s2023.json
history,ETTm1,96,2023,720,96,16,0.37133346782993176,0.4046822299323281,1004781,/home/cwh/Time-Series-Library/logs/timerole_p0/sensitivity/records/sensitivity_history_ettm1_h96_l720_r96_p16_s2023.json
history,ETTm1,96,2023,960,96,16,0.37223397468295805,0.40769440850777294,1005261,/home/cwh/Time-Series-Library/logs/timerole_p0/sensitivity/records/sensitivity_history_ettm1_h96_l960_r96_p16_s2023.json
history,ETTm1,720,2023,192,96,16,0.9338153131523591,0.641515066289768,6835629,/home/cwh/Time-Series-Library/logs/timerole_p0/sensitivity/records/sensitivity_history_ettm1_h720_l192_r96_p16_s2023.json
history,ETTm1,720,2023,336,96,16,0.9369639172553743,0.6386861997479106,6835917,/home/cwh/Time-Series-Library/logs/timerole_p0/sensitivity/records/sensitivity_history_ettm1_h720_l336_r96_p16_s2023.json
history,ETTm1,720,2023,720,96,16,0.9143123524269964,0.6342188807846872,6836685,/home/cwh/Time-Series-Library/logs/timerole_p0/sensitivity/records/sensitivity_history_ettm1_h720_l720_r96_p16_s2023.json
history,ETTm1,720,2023,960,96,16,0.891815769390428,0.6320493258559567,6837165,/home/cwh/Time-Series-Library/logs/timerole_p0/sensitivity/records/sensitivity_history_ettm1_h720_l960_r96_p16_s2023.json
history,ETTm2,96,2023,192,96,16,0.1278628503410496,0.2461614566630866,1003725,/home/cwh/Time-Series-Library/logs/timerole_p0/sensitivity/records/sensitivity_history_ettm2_h96_l192_r96_p16_s2023.json
history,ETTm2,96,2023,336,96,16,0.12799332499268082,0.24551570918965715,1004013,/home/cwh/Time-Series-Library/logs/timerole_p0/sensitivity/records/sensitivity_history_ettm2_h96_l336_r96_p16_s2023.json
history,ETTm2,96,2023,720,96,16,0.12292031138194431,0.24133231612683784,1004781,/home/cwh/Time-Series-Library/logs/timerole_p0/sensitivity/records/sensitivity_history_ettm2_h96_l720_r96_p16_s2023.json
history,ETTm2,96,2023,960,96,16,0.12433787697564193,0.2445903081636547,1005261,/home/cwh/Time-Series-Library/logs/timerole_p0/sensitivity/records/sensitivity_history_ettm2_h96_l960_r96_p16_s2023.json
history,ETTm2,720,2023,192,96,16,0.2845096521854651,0.3694554689707252,6835629,/home/cwh/Time-Series-Library/logs/timerole_p0/sensitivity/records/sensitivity_history_ettm2_h720_l192_r96_p16_s2023.json
history,ETTm2,720,2023,336,96,16,0.2757137073798924,0.35866450547733675,6835917,/home/cwh/Time-Series-Library/logs/timerole_p0/sensitivity/records/sensitivity_history_ettm2_h720_l336_r96_p16_s2023.json
history,ETTm2,720,2023,720,96,16,0.28245915645739555,0.3677249140202264,6836685,/home/cwh/Time-Series-Library/logs/timerole_p0/sensitivity/records/sensitivity_history_ettm2_h720_l720_r96_p16_s2023.json
history,ETTm2,720,2023,960,96,16,0.28601262197519833,0.37053146697657513,6837165,/home/cwh/Time-Series-Library/logs/timerole_p0/sensitivity/records/sensitivity_history_ettm2_h720_l960_r96_p16_s2023.json
history,weather,96,2023,192,96,16,0.38536019775072367,0.26688462680874864,1004775,/home/cwh/Time-Series-Library/logs/timerole_p0/sensitivity/records/sensitivity_history_weather_h96_l192_r96_p16_s2023.json
history,weather,96,2023,336,96,16,0.3817056869508006,0.26552371234307304,1005063,/home/cwh/Time-Series-Library/logs/timerole_p0/sensitivity/records/sensitivity_history_weather_h96_l336_r96_p16_s2023.json
history,weather,96,2023,720,96,16,0.37765928673420607,0.26821228631096156,1005831,/home/cwh/Time-Series-Library/logs/timerole_p0/sensitivity/records/sensitivity_history_weather_h96_l720_r96_p16_s2023.json
history,weather,96,2023,960,96,16,0.37229102491061844,0.2657581737405107,1006311,/home/cwh/Time-Series-Library/logs/timerole_p0/sensitivity/records/sensitivity_history_weather_h96_l960_r96_p16_s2023.json
history,weather,720,2023,192,96,16,0.6662849773590374,0.45313759306589907,6836679,/home/cwh/Time-Series-Library/logs/timerole_p0/sensitivity/records/sensitivity_history_weather_h720_l192_r96_p16_s2023.json
history,weather,720,2023,336,96,16,0.6446775685565066,0.441322123256114,6836967,/home/cwh/Time-Series-Library/logs/timerole_p0/sensitivity/records/sensitivity_history_weather_h720_l336_r96_p16_s2023.json
history,weather,720,2023,720,96,16,0.5995996049357647,0.41564209730018925,6837735,/home/cwh/Time-Series-Library/logs/timerole_p0/sensitivity/records/sensitivity_history_weather_h720_l720_r96_p16_s2023.json
history,weather,720,2023,960,96,16,0.5894604624541426,0.40971503894919165,6838215,/home/cwh/Time-Series-Library/logs/timerole_p0/sensitivity/records/sensitivity_history_weather_h720_l960_r96_p16_s2023.json
recent,ETTm1,96,2023,336,48,16,0.3753025291894418,0.40665627162655504,555597,/home/cwh/Time-Series-Library/logs/timerole_p0/sensitivity/records/sensitivity_recent_ettm1_h96_l336_r48_p16_s2023.json
recent,ETTm1,96,2023,336,192,16,0.3613353616878044,0.3980935268972496,1900845,/home/cwh/Time-Series-Library/logs/timerole_p0/sensitivity/records/sensitivity_recent_ettm1_h96_l336_r192_p16_s2023.json
pool,ETTm1,96,2023,336,96,8,0.37837008499609776,0.4103841660799577,1004493,/home/cwh/Time-Series-Library/logs/timerole_p0/sensitivity/records/sensitivity_pool_ettm1_h96_l336_r96_p8_s2023.json
pool,ETTm1,96,2023,336,96,24,0.36719729974740145,0.4023684707884865,1003853,/home/cwh/Time-Series-Library/logs/timerole_p0/sensitivity/records/sensitivity_pool_ettm1_h96_l336_r96_p24_s2023.json
recent,ETTm1,720,2023,336,48,16,0.9449057545997174,0.6419755527440507,3482157,/home/cwh/Time-Series-Library/logs/timerole_p0/sensitivity/records/sensitivity_recent_ettm1_h720_l336_r48_p16_s2023.json
recent,ETTm1,720,2023,336,192,16,0.9462717558095554,0.6410702240549357,13543437,/home/cwh/Time-Series-Library/logs/timerole_p0/sensitivity/records/sensitivity_recent_ettm1_h720_l336_r192_p16_s2023.json
pool,ETTm1,720,2023,336,96,8,0.9374720966356271,0.6389813329823315,6836397,/home/cwh/Time-Series-Library/logs/timerole_p0/sensitivity/records/sensitivity_pool_ettm1_h720_l336_r96_p8_s2023.json
pool,ETTm1,720,2023,336,96,24,0.9393842860859306,0.6401340837535665,6835757,/home/cwh/Time-Series-Library/logs/timerole_p0/sensitivity/records/sensitivity_pool_ettm1_h720_l336_r96_p24_s2023.json
recent,ETTm2,96,2023,336,48,16,0.12459634688070222,0.24543272182794118,555597,/home/cwh/Time-Series-Library/logs/timerole_p0/sensitivity/records/sensitivity_recent_ettm2_h96_l336_r48_p16_s2023.json
recent,ETTm2,96,2023,336,192,16,0.12189659112690016,0.24092650143717856,1900845,/home/cwh/Time-Series-Library/logs/timerole_p0/sensitivity/records/sensitivity_recent_ettm2_h96_l336_r192_p16_s2023.json
pool,ETTm2,96,2023,336,96,8,0.1283396979194141,0.2458809219897756,1004493,/home/cwh/Time-Series-Library/logs/timerole_p0/sensitivity/records/sensitivity_pool_ettm2_h96_l336_r96_p8_s2023.json
pool,ETTm2,96,2023,336,96,24,0.12803640355862117,0.24589195671808947,1003853,/home/cwh/Time-Series-Library/logs/timerole_p0/sensitivity/records/sensitivity_pool_ettm2_h96_l336_r96_p24_s2023.json
recent,ETTm2,720,2023,336,48,16,0.28667025680176816,0.36887759493581945,3482157,/home/cwh/Time-Series-Library/logs/timerole_p0/sensitivity/records/sensitivity_recent_ettm2_h720_l336_r48_p16_s2023.json
recent,ETTm2,720,2023,336,192,16,0.2699383588505409,0.3595121781826997,13543437,/home/cwh/Time-Series-Library/logs/timerole_p0/sensitivity/records/sensitivity_recent_ettm2_h720_l336_r192_p16_s2023.json
pool,ETTm2,720,2023,336,96,8,0.2758293895069538,0.35898170656470757,6836397,/home/cwh/Time-Series-Library/logs/timerole_p0/sensitivity/records/sensitivity_pool_ettm2_h720_l336_r96_p8_s2023.json
pool,ETTm2,720,2023,336,96,24,0.27701510988083666,0.3602975780455504,6835757,/home/cwh/Time-Series-Library/logs/timerole_p0/sensitivity/records/sensitivity_pool_ettm2_h720_l336_r96_p24_s2023.json
