model,dataset,horizon,seed,seq_len,validation_mse,validation_mae,test_mse,test_mae,quality,duration_seconds,result_source
DLinear,ETTh1,96,2021,336,0.6640702168615575,0.5508616649076207,0.37573182582855225,0.39949414134025574,valid,15.002,q2_same_protocol_local_run
DLinear,ETTh1,192,2021,336,0.8788049756276263,0.6337061829006174,0.4080449938774109,0.4185616075992584,valid,16.505,q2_same_protocol_local_run
DLinear,ETTh1,336,2021,336,1.062974090859637,0.7063634519914916,0.4354754686355591,0.44115641713142395,valid,11.839,q2_same_protocol_local_run
DLinear,ETTh1,720,2021,336,1.2084184747379594,0.7534531813229013,0.4734968841075897,0.4937613010406494,valid,11.695,q2_same_protocol_local_run
DLinear,ETTh2,96,2021,336,0.22878637224973405,0.3368496564389131,0.30743247270584106,0.37010079622268677,valid,11.441,q2_same_protocol_local_run
DLinear,ETTh2,192,2021,336,0.30386188880618986,0.3878565298858428,0.3872776925563812,0.4234202206134796,valid,13.204,q2_same_protocol_local_run
DLinear,ETTh2,336,2021,336,0.4090833462022456,0.4463421813500695,0.47800058126449585,0.4805224537849426,valid,10.639,q2_same_protocol_local_run
DLinear,ETTh2,720,2021,336,0.6817900922938106,0.5704228733757887,0.7433660626411438,0.6114161014556885,valid,10.336,q2_same_protocol_local_run
DLinear,ETTm1,96,2021,336,0.38044688903404744,0.40741878557220107,0.3006940186023712,0.34502002596855164,valid,34.2,q2_same_protocol_local_run
DLinear,ETTm1,192,2021,336,0.4893370390332196,0.46204242686496505,0.3343106210231781,0.36446601152420044,valid,46.485,q2_same_protocol_local_run
DLinear,ETTm1,336,2021,336,0.6168415827754046,0.5194010285256188,0.37064096331596375,0.3870218098163605,valid,31.597,q2_same_protocol_local_run
DLinear,ETTm1,720,2021,336,0.8515061793461308,0.6122338717466086,0.4281170964241028,0.4257969260215759,valid,36.455,q2_same_protocol_local_run
DLinear,ETTm2,96,2021,336,0.11558398248603521,0.235442997438654,0.1651681512594223,0.25863587856292725,valid,28.99,q2_same_protocol_local_run
DLinear,ETTm2,192,2021,336,0.16096506578597206,0.27950890197153583,0.23180167376995087,0.3116718828678131,valid,36.811,q2_same_protocol_local_run
DLinear,ETTm2,336,2021,336,0.21386123544052071,0.3236835430329793,0.3044562041759491,0.3659506142139435,valid,24.233,q2_same_protocol_local_run
DLinear,ETTm2,720,2021,336,0.2991136655514678,0.3841621615912851,0.4321652054786682,0.44862401485443115,valid,38.22,q2_same_protocol_local_run
DLinear,weather,96,2021,336,0.42412663217209184,0.30646488559144597,0.17540287971496582,0.2379530668258667,valid,40.184,q2_same_protocol_local_run
DLinear,weather,192,2021,336,0.48312806398670355,0.3497977133697366,0.216544970870018,0.27575409412384033,valid,30.945,q2_same_protocol_local_run
DLinear,weather,336,2021,336,0.5439860948719766,0.3935146915077771,0.26320838928222656,0.3154686987400055,valid,32.597,q2_same_protocol_local_run
DLinear,weather,720,2021,336,0.6134370063025424,0.4375314589074593,0.32831162214279175,0.37042346596717834,valid,29.718,q2_same_protocol_local_run
PatchTST,ETTh1,96,2021,336,0.7082322545201185,0.574217842684512,0.38793671131134033,0.4136544466018677,valid,57.761,q2_same_protocol_local_run
PatchTST,ETTh1,192,2021,336,1.0033307478374647,0.6842143693732199,0.4672151505947113,0.46933355927467346,valid,54.745,q2_same_protocol_local_run
PatchTST,ETTh1,336,2021,336,1.2997503333126594,0.8010328639913111,0.5198085308074951,0.4975692927837372,valid,29.787,q2_same_protocol_local_run
PatchTST,ETTh1,720,2021,336,1.453987497865296,0.8455296473078858,0.6020058989524841,0.55146324634552,valid,31.795,q2_same_protocol_local_run
PatchTST,ETTh2,96,2021,336,0.22763042202095318,0.33381540096752904,0.3287414014339447,0.37361940741539,valid,76.964,q2_same_protocol_local_run
PatchTST,ETTh2,192,2021,336,0.2893273179659323,0.3746180984017978,0.38332265615463257,0.4143175780773163,valid,79.709,q2_same_protocol_local_run
PatchTST,ETTh2,336,2021,336,0.3836265399493847,0.42600460556966524,0.4365095794200897,0.45060980319976807,valid,63.104,q2_same_protocol_local_run
PatchTST,ETTh2,720,2021,336,0.6638220624694714,0.5706657163934475,0.47928106784820557,0.48215165734291077,valid,73.847,q2_same_protocol_local_run
PatchTST,ETTm1,96,2021,336,0.38766136220908354,0.42374557528108736,0.3083574175834656,0.3601812422275543,valid,234.968,q2_same_protocol_local_run
PatchTST,ETTm1,192,2021,336,0.5332435654706175,0.49237733868385036,0.36092236638069153,0.38516297936439514,valid,234.654,q2_same_protocol_local_run
PatchTST,ETTm1,336,2021,336,0.6904065842013493,0.5606295124428292,0.38072270154953003,0.4087817370891571,valid,228.723,q2_same_protocol_local_run
PatchTST,ETTm1,720,2021,336,0.9893082487757876,0.6640785784940731,0.42810752987861633,0.4341244399547577,valid,337.971,q2_same_protocol_local_run
PatchTST,ETTm2,96,2021,336,0.12731277067636193,0.2465958013452067,0.18278561532497406,0.2718676030635834,valid,486.556,q2_same_protocol_local_run
PatchTST,ETTm2,192,2021,336,0.1755568497907762,0.28994659034652326,0.23593144118785858,0.3088909983634949,valid,413.244,q2_same_protocol_local_run
PatchTST,ETTm2,336,2021,336,0.22243880589646453,0.32833772052786947,0.3074813485145569,0.35819968581199646,valid,340.025,q2_same_protocol_local_run
PatchTST,ETTm2,720,2021,336,0.28931239006365195,0.37335828707461866,0.3929193317890167,0.4073752760887146,valid,344.524,q2_same_protocol_local_run
PatchTST,weather,96,2021,336,0.40259583516424763,0.2905669207968199,0.15609146654605865,0.2066209763288498,valid,833.049,q2_same_protocol_local_run
PatchTST,weather,192,2021,336,0.4606904377744765,0.32472849580546026,0.2032547891139984,0.24802222847938538,valid,1148.508,q2_same_protocol_local_run
PatchTST,weather,336,2021,336,0.5510592690651119,0.38751847162291336,0.2578624188899994,0.29025477170944214,valid,1170.105,q2_same_protocol_local_run
PatchTST,weather,720,2021,336,0.6601562303583709,0.45158151184812134,0.32868510484695435,0.3393954634666443,valid,855.083,q2_same_protocol_local_run
iTransformer,ETTh1,96,2021,336,0.6994300310862638,0.5684320621045317,0.39698174595832825,0.4154851734638214,valid,20.967,q2_same_protocol_local_run
iTransformer,ETTh1,192,2021,336,0.9507217670010963,0.6677384376441436,0.44185370206832886,0.4458799362182617,valid,13.862,q2_same_protocol_local_run
iTransformer,ETTh1,336,2021,336,1.1769733563397118,0.7497368163866726,0.4597512185573578,0.45980584621429443,valid,12.053,q2_same_protocol_local_run
iTransformer,ETTh1,720,2021,336,1.4512248581225256,0.8422451743066114,0.5017585754394531,0.5049786567687988,valid,12.398,q2_same_protocol_local_run
iTransformer,ETTh2,96,2021,336,0.23473025225182523,0.3380463944955535,0.3030342757701874,0.36060434579849243,valid,12.244,q2_same_protocol_local_run
iTransformer,ETTh2,192,2021,336,0.30374823044024013,0.3786055141267187,0.39515653252601624,0.41391101479530334,valid,13.898,q2_same_protocol_local_run
iTransformer,ETTh2,336,2021,336,0.3909669091190627,0.43070903876116384,0.416001558303833,0.4313390851020813,valid,14.35,q2_same_protocol_local_run
iTransformer,ETTh2,720,2021,336,0.6331431359455224,0.56032362664223,0.43360763788223267,0.45296162366867065,valid,13.997,q2_same_protocol_local_run
iTransformer,ETTm1,96,2021,336,0.3753420664874839,0.41120604208910155,0.3057343065738678,0.3584446310997009,valid,45.222,q2_same_protocol_local_run
iTransformer,ETTm1,192,2021,336,0.4911343895117139,0.46925262741247864,0.3463185727596283,0.3824487626552582,valid,40.31,q2_same_protocol_local_run
iTransformer,ETTm1,336,2021,336,0.6404715468604603,0.5344267299208114,0.37889328598976135,0.4024980068206787,valid,41.72,q2_same_protocol_local_run
iTransformer,ETTm1,720,2021,336,0.9561944238989206,0.6462349813885913,0.44495201110839844,0.4397766590118408,valid,35.3,q2_same_protocol_local_run
iTransformer,ETTm2,96,2021,336,0.1305554463329993,0.2514985306531026,0.17330797016620636,0.2650103271007538,valid,39.059,q2_same_protocol_local_run
iTransformer,ETTm2,192,2021,336,0.17695431775851816,0.29508840762712396,0.24426382780075073,0.31159642338752747,valid,33.35,q2_same_protocol_local_run
iTransformer,ETTm2,336,2021,336,0.22247926217164546,0.32924411495466815,0.2972615957260132,0.3466743230819702,valid,34.297,q2_same_protocol_local_run
iTransformer,ETTm2,720,2021,336,0.27724886892413925,0.3591572899226795,0.37405216693878174,0.39334094524383545,valid,35.402,q2_same_protocol_local_run
iTransformer,weather,96,2021,336,0.402192371299082,0.28467903127261496,0.16355760395526886,0.2119157910346985,valid,42.52,q2_same_protocol_local_run
iTransformer,weather,192,2021,336,0.4770378677623338,0.3336970689265972,0.2086935192346573,0.2527061402797699,valid,43.326,q2_same_protocol_local_run
iTransformer,weather,336,2021,336,0.556825428280587,0.39085224725839973,0.25829485058784485,0.2920580804347992,valid,44.773,q2_same_protocol_local_run
iTransformer,weather,720,2021,336,0.6469104680137454,0.4450769586618958,0.3310092091560364,0.33982956409454346,valid,47.444,q2_same_protocol_local_run
TimeMixer,ETTh1,96,2021,336,0.7490191658511165,0.5846360129882834,0.38493984937667847,0.4061504006385803,valid,103.605,q2_same_protocol_local_run
TimeMixer,ETTh1,192,2021,336,1.060863538715483,0.6880194326688299,0.4150616526603699,0.42490729689598083,valid,104.668,q2_same_protocol_local_run
TimeMixer,ETTh1,336,2021,336,1.3255401980444683,0.7912902007331051,0.43807682394981384,0.44383543729782104,valid,104.765,q2_same_protocol_local_run
TimeMixer,ETTh1,720,2021,336,1.7413729641121836,0.9201138921942369,0.7437260150909424,0.5983463525772095,valid,89.717,q2_same_protocol_local_run
TimeMixer,ETTh2,96,2021,336,0.23132076433013318,0.334736995553526,0.28597375750541687,0.3493165671825409,valid,107.931,q2_same_protocol_local_run
TimeMixer,ETTh2,192,2021,336,0.34206619543719247,0.3947978819298384,0.3677070438861847,0.4038141071796417,valid,103.213,q2_same_protocol_local_run
TimeMixer,ETTh2,336,2021,336,0.42401320958608146,0.4376514815198243,0.38235071301460266,0.4165518581867218,valid,101.955,q2_same_protocol_local_run
TimeMixer,ETTh2,720,2021,336,0.7139203983673187,0.5894662560116017,0.4374283254146576,0.4550321102142334,valid,97.585,q2_same_protocol_local_run
TimeMixer,ETTm1,96,2021,336,0.38058247867320694,0.4088560644835249,0.30159831047058105,0.349991112947464,valid,424.64,q2_same_protocol_local_run
TimeMixer,ETTm1,192,2021,336,0.4890477333576172,0.46166113918750146,0.3413430154323578,0.37651681900024414,valid,407.469,q2_same_protocol_local_run
TimeMixer,ETTm1,336,2021,336,0.6346446168850867,0.5271160768899018,0.37153682112693787,0.39279821515083313,valid,425.117,q2_same_protocol_local_run
TimeMixer,ETTm1,720,2021,336,0.9859117084502574,0.6542456274372193,0.4286162257194519,0.4283865988254547,valid,435.657,q2_same_protocol_local_run
TimeMixer,ETTm2,96,2021,336,0.12202127609996233,0.24033593666408165,0.1708703637123108,0.2605491578578949,valid,450.776,q2_timemixer_stability_summary
TimeMixer,ETTm2,192,2021,336,0.16362010497198343,0.27753441990845135,0.23262719810009003,0.3028316795825958,valid,443.954,q2_timemixer_stability_summary
TimeMixer,ETTm2,336,2021,336,0.2078662798500463,0.3110807691986048,0.28434112668037415,0.33843499422073364,valid,433.729,q2_timemixer_stability_summary
TimeMixer,ETTm2,720,2021,336,0.26912240839227985,0.35474131919759966,0.35973840951919556,0.3862096965312958,valid,427.047,q2_timemixer_stability_summary
TimeMixer,weather,96,2021,336,0.3810520952960555,0.269904785062645,0.14783917367458344,0.1977566033601761,valid,1330.148,q2_timemixer_stability_summary
TimeMixer,weather,192,2021,336,0.4498163969445216,0.3194759582069937,0.1949436068534851,0.2432173639535904,valid,1515.649,q2_timemixer_stability_summary
TimeMixer,weather,336,2021,336,0.5189284960886795,0.3673547830537779,0.2414870411157608,0.2814638018608093,valid,897.339,q2_timemixer_stability_summary
TimeMixer,weather,720,2021,336,0.6301258883897508,0.432296548179186,0.3186895549297333,0.33196666836738586,valid,20075.243,q2_timemixer_stability_summary
TimesNet,ETTh1,96,2021,336,0.8474792273949382,0.6321198526300752,0.4425928294658661,0.4533481001853943,valid,60.981,q2_same_protocol_local_run
TimesNet,ETTh1,192,2021,336,1.0927130697755973,0.7097161766295035,0.4390075206756592,0.4492649734020233,valid,73.076,q2_same_protocol_local_run
TimesNet,ETTh1,336,2021,336,1.308886444665661,0.7932605212624712,0.49095848202705383,0.48473888635635376,valid,61.188,q2_same_protocol_local_run
TimesNet,ETTh1,720,2021,336,1.6795623056386484,0.9107096813242785,0.552872359752655,0.519501805305481,valid,84.894,q2_same_protocol_local_run
TimesNet,ETTh2,96,2021,336,0.28476490426126727,0.3824226578820656,0.3592183291912079,0.41468870639801025,valid,54.665,q2_same_protocol_local_run
TimesNet,ETTh2,192,2021,336,0.3542493661506481,0.4192815703391843,0.40856054425239563,0.4387752413749695,valid,115.918,q2_same_protocol_local_run
TimesNet,ETTh2,336,2021,336,0.445859572667015,0.4664951955886726,0.41420912742614746,0.44128814339637756,valid,68.267,q2_same_protocol_local_run
TimesNet,ETTh2,720,2021,336,0.6889520864550509,0.5915731657728455,0.43420520424842834,0.4579293131828308,valid,76.954,q2_same_protocol_local_run
TimesNet,ETTm1,96,2021,336,0.4442607433577062,0.44307770708693656,0.332593709230423,0.3749832808971405,valid,347.22,q2_same_protocol_local_run
TimesNet,ETTm1,192,2021,336,0.5556516105019752,0.4994552895582145,0.37192457914352417,0.3941323459148407,valid,339.284,q2_same_protocol_local_run
TimesNet,ETTm1,336,2021,336,0.6640785109934116,0.543805370733522,0.3912510871887207,0.40910643339157104,valid,503.21,q2_same_protocol_local_run
TimesNet,ETTm1,720,2021,336,0.9488001162960459,0.6452819995987567,0.47765740752220154,0.45639321208000183,valid,457.4,q2_same_protocol_local_run
TimesNet,ETTm2,96,2021,336,0.13403955254093164,0.25418383801742384,0.19920115172863007,0.27902138233184814,valid,466.416,q2_same_protocol_local_run
TimesNet,ETTm2,192,2021,336,0.17247979025314855,0.2886469248308634,0.23743897676467896,0.3078291714191437,valid,328.939,q2_same_protocol_local_run
TimesNet,ETTm2,336,2021,336,0.24711970680370943,0.3432650093203736,0.30427587032318115,0.35052791237831116,valid,387.802,q2_same_protocol_local_run
TimesNet,ETTm2,720,2021,336,0.2838563395466809,0.37043123170076386,0.3993408977985382,0.40408045053482056,valid,485.432,q2_same_protocol_local_run
TimesNet,weather,96,2021,336,0.40815441687664145,0.29667718525048403,0.16499844193458557,0.22336769104003906,valid,342.148,q2_same_protocol_local_run
TimesNet,weather,192,2021,336,0.4681733916693744,0.34119328814490474,0.2118658572435379,0.2638191282749176,valid,672.189,q2_same_protocol_local_run
TimesNet,weather,336,2021,336,0.5416278437937411,0.39148327606514366,0.269330769777298,0.30664655566215515,valid,661.368,q2_same_protocol_local_run
TimesNet,weather,720,2021,336,0.6659597408184171,0.4591804861082046,0.3498378098011017,0.35727623105049133,valid,838.988,q2_same_protocol_local_run
SMamba,ETTh1,96,2021,336,0.7178379922256802,0.5740588478015979,0.3962259888648987,0.41631802916526794,valid,20.066,q2_same_protocol_local_run
SMamba,ETTh1,192,2021,336,0.9627339265263309,0.6625034313900748,0.4327000081539154,0.44001305103302,valid,16.957,q2_same_protocol_local_run
SMamba,ETTh1,336,2021,336,1.1855135084946307,0.746723205240931,0.4525505304336548,0.45498761534690857,valid,16.957,q2_same_protocol_local_run
SMamba,ETTh1,720,2021,336,1.509954510434341,0.8605264647626943,0.5102039575576782,0.5086694359779358,valid,14.45,q2_same_protocol_local_run
SMamba,ETTh2,96,2021,336,0.22923467592407498,0.33207120671174034,0.3023744821548462,0.35829779505729675,valid,17.714,q2_same_protocol_local_run
SMamba,ETTh2,192,2021,336,0.3054773504588925,0.3812512222447034,0.3719128668308258,0.4008903503417969,valid,17.408,q2_same_protocol_local_run
SMamba,ETTh2,336,2021,336,0.3913381853961808,0.4326103926555734,0.39652037620544434,0.4220576286315918,valid,17.409,q2_same_protocol_local_run
SMamba,ETTh2,720,2021,336,0.6402745646036015,0.563212423012935,0.42149895429611206,0.44633886218070984,valid,14.451,q2_same_protocol_local_run
SMamba,ETTm1,96,2021,336,0.3677526887228082,0.40281499311553076,0.30116719007492065,0.3550400733947754,valid,57.102,q2_same_protocol_local_run
SMamba,ETTm1,192,2021,336,0.48409570028844134,0.46284066528762474,0.34433478116989136,0.38265368342399597,valid,87.478,q2_same_protocol_local_run
SMamba,ETTm1,336,2021,336,0.6310269811966541,0.528544704283004,0.37789198756217957,0.4034898281097412,valid,88.229,q2_same_protocol_local_run
SMamba,ETTm1,720,2021,336,0.9409794338216222,0.6415163669609194,0.4347465932369232,0.4369533956050873,valid,70.843,q2_same_protocol_local_run
SMamba,ETTm2,96,2021,336,0.12623552623485246,0.2478842040222238,0.17782743275165558,0.2687492370605469,valid,48.534,q2_same_protocol_local_run
SMamba,ETTm2,192,2021,336,0.1679253002996666,0.28503131373802115,0.2329632192850113,0.30614519119262695,valid,48.281,q2_same_protocol_local_run
SMamba,ETTm2,336,2021,336,0.2118234092592198,0.3178307974318122,0.2843877375125885,0.33906254172325134,valid,70.188,q2_same_protocol_local_run
SMamba,ETTm2,720,2021,336,0.2787638445558507,0.3606031040916718,0.37611162662506104,0.3956252932548523,valid,49.986,q2_same_protocol_local_run
SMamba,weather,96,2021,336,0.3942040783484539,0.28302464932936866,0.15735948085784912,0.20709729194641113,valid,64.277,q2_same_protocol_local_run
SMamba,weather,192,2021,336,0.46287985695691236,0.33015006258170754,0.20164340734481812,0.2479715794324875,valid,65.032,q2_same_protocol_local_run
SMamba,weather,336,2021,336,0.5463861494940713,0.38340254905457094,0.25379109382629395,0.28623175621032715,valid,65.724,q2_same_protocol_local_run
SMamba,weather,720,2021,336,0.6504919821643653,0.4505707296564131,0.3223237097263336,0.33772581815719604,valid,70.942,q2_same_protocol_local_run
MSGNet,ETTh1,96,2021,336,0.8368388955650385,0.6263044952316917,0.42628225684165955,0.4446026682853699,valid,39.566,q2_same_protocol_local_run
MSGNet,ETTh1,192,2021,336,1.0556353056195855,0.6984071126116175,0.45442795753479004,0.4648325741291046,valid,32.552,q2_same_protocol_local_run
MSGNet,ETTh1,336,2021,336,1.315788796716501,0.7901462816831054,0.4729035496711731,0.47352248430252075,valid,57.374,q2_same_protocol_local_run
MSGNet,ETTh1,720,2021,336,1.5382369964967901,0.8761969549021984,0.5168720483779907,0.5090553760528564,valid,27.437,q2_same_protocol_local_run
MSGNet,ETTh2,96,2021,336,0.2681758179770195,0.3698268869671851,0.3709297478199005,0.41339126229286194,valid,95.327,q2_same_protocol_local_run
MSGNet,ETTh2,192,2021,336,0.3432668406138896,0.4064193373056272,0.4026091396808624,0.43221840262413025,valid,77.579,q2_same_protocol_local_run
MSGNet,ETTh2,336,2021,336,0.45451633596172386,0.4678810342016534,0.38239365816116333,0.42354029417037964,valid,75.175,q2_same_protocol_local_run
MSGNet,ETTh2,720,2021,336,0.6273881379981664,0.5669906144469877,0.45346423983573914,0.46422678232192993,valid,86.444,q2_same_protocol_local_run
MSGNet,ETTm1,96,2021,336,0.4089660318590669,0.4275434604083124,0.3082214295864105,0.36307770013809204,valid,121.775,q2_same_protocol_local_run
MSGNet,ETTm1,192,2021,336,0.5265026439310483,0.48236890787178566,0.3492702841758728,0.38760700821876526,valid,114.163,q2_same_protocol_local_run
MSGNet,ETTm1,336,2021,336,0.6549686438114235,0.5433909974098742,0.39161205291748047,0.414266973733902,valid,118.078,q2_same_protocol_local_run
MSGNet,ETTm1,720,2021,336,0.9669560088073764,0.6566027663276236,0.4330809712409973,0.44090980291366577,valid,115.817,q2_same_protocol_local_run
MSGNet,ETTm2,96,2021,336,0.13506422354229244,0.2565945658833332,0.1860031932592392,0.2706146538257599,valid,277.456,q2_same_protocol_local_run
MSGNet,ETTm2,192,2021,336,0.1739410669040819,0.29236585971070056,0.24047012627124786,0.31151553988456726,valid,224.473,q2_same_protocol_local_run
MSGNet,ETTm2,336,2021,336,0.23392885436943972,0.33498532717360596,0.2960842251777649,0.34655991196632385,valid,276.709,q2_same_protocol_local_run
MSGNet,ETTm2,720,2021,336,0.29437147077241665,0.3709120544348113,0.3909073770046234,0.4009270966053009,valid,223.033,q2_same_protocol_local_run
MSGNet,weather,96,2021,336,0.41185466571249446,0.2910259010531988,0.162434384226799,0.21755529940128326,valid,409.213,q2_same_protocol_local_run
MSGNet,weather,192,2021,336,0.4757794277979538,0.343254944314418,0.21147815883159637,0.25963330268859863,valid,537.499,q2_same_protocol_local_run
MSGNet,weather,336,2021,336,0.541301701877454,0.3854457075812267,0.25723540782928467,0.2916165292263031,valid,279.608,q2_same_protocol_local_run
MSGNet,weather,720,2021,336,0.6417072085787152,0.44976553968947897,0.36962395906448364,0.36239197850227356,valid,529.854,q2_same_protocol_local_run
TimeRole,ETTh1,96,2021,336,0.6796545700995527,0.5511192470980045,0.3682802617549896,0.39763304591178894,valid,,reused_frozen_cmrhm
TimeRole,ETTh1,192,2021,336,0.9674951401044615,0.6542039133967089,0.41641029715538025,0.42609861493110657,valid,,reused_frozen_cmrhm
TimeRole,ETTh1,336,2021,336,1.2407336796610835,0.7487637921849732,0.46615391969680786,0.44759824872016907,valid,,reused_frozen_cmrhm
TimeRole,ETTh1,720,2021,336,1.4783041114168558,0.8320478836189246,0.467281699180603,0.46540719270706177,valid,,reused_frozen_cmrhm
TimeRole,ETTh2,96,2021,336,0.22354715230210762,0.3241795530316768,0.2812073230743408,0.341083288192749,valid,,reused_frozen_cmrhm
TimeRole,ETTh2,192,2021,336,0.2856166419296563,0.37020302318746,0.3399837017059326,0.3865271210670471,valid,,reused_frozen_cmrhm
TimeRole,ETTh2,336,2021,336,0.3720096486627712,0.42088072023151724,0.3724833130836487,0.4100472629070282,valid,,reused_frozen_cmrhm
TimeRole,ETTh2,720,2021,336,0.6387785043948504,0.562516993706755,0.4337161183357239,0.45506444573402405,valid,,reused_frozen_cmrhm
TimeRole,ETTm1,96,2021,336,0.36555982886844346,0.398636661876151,0.2950538992881775,0.3487284481525421,valid,,reused_frozen_cmrhm
TimeRole,ETTm1,192,2021,336,0.48078013696058786,0.46060922740324106,0.3318106532096863,0.3740169107913971,valid,,reused_frozen_cmrhm
TimeRole,ETTm1,336,2021,336,0.6224400361064324,0.5233821398832569,0.3705420196056366,0.3950028717517853,valid,,reused_frozen_cmrhm
TimeRole,ETTm1,720,2021,336,0.9400004502334256,0.6397543385814374,0.42354199290275574,0.42606303095817566,valid,,reused_frozen_cmrhm
TimeRole,ETTm2,96,2021,336,0.12291466004130268,0.24302524385196883,0.17185743153095245,0.26104092597961426,valid,,reused_frozen_cmrhm
TimeRole,ETTm2,192,2021,336,0.1616830469834837,0.2776145029683509,0.22510570287704468,0.2954224646091461,valid,,reused_frozen_cmrhm
TimeRole,ETTm2,336,2021,336,0.21440705809129573,0.3208749137249369,0.2914232611656189,0.3407357335090637,valid,,reused_frozen_cmrhm
TimeRole,ETTm2,720,2021,336,0.2786508198134717,0.35967733572065547,0.37522217631340027,0.38984760642051697,valid,,reused_frozen_cmrhm
TimeRole,weather,96,2021,336,0.38365025392422214,0.2691728420709505,0.1462111473083496,0.1966434121131897,valid,,reused_frozen_cmrhm
TimeRole,weather,192,2021,336,0.4499114554469259,0.31155879198507336,0.1877095252275467,0.23579229414463043,valid,,reused_frozen_cmrhm
TimeRole,weather,336,2021,336,0.5303996194792506,0.36951107262853533,0.24200038611888885,0.278119295835495,valid,,reused_frozen_cmrhm
TimeRole,weather,720,2021,336,0.6444935399453787,0.4406900181635795,0.31817513704299927,0.33138200640678406,valid,,reused_frozen_cmrhm
