dataset,horizon,origin,input_length,step,phase,series,value_standardized
ETTh2,96,408,96,0,input,Ground truth,-0.5944488644599915
ETTh2,96,408,96,1,input,Ground truth,-0.6323868632316589
ETTh2,96,408,96,2,input,Ground truth,-0.6323868632316589
ETTh2,96,408,96,3,input,Ground truth,-0.6513341665267944
ETTh2,96,408,96,4,input,Ground truth,-0.6892721652984619
ETTh2,96,408,96,5,input,Ground truth,-0.7651479840278625
ETTh2,96,408,96,6,input,Ground truth,-0.8031288981437683
ETTh2,96,408,96,7,input,Ground truth,-0.8410237431526184
ETTh2,96,408,96,8,input,Ground truth,-0.7651910781860352
ETTh2,96,408,96,9,input,Ground truth,-0.5375204086303711
ETTh2,96,408,96,10,input,Ground truth,-0.25305086374282837
ETTh2,96,408,96,11,input,Ground truth,0.03141867741942406
ETTh2,96,408,96,12,input,Ground truth,0.18317025899887085
ETTh2,96,408,96,13,input,Ground truth,0.33492201566696167
ETTh2,96,408,96,14,input,Ground truth,0.37281668186187744
ETTh2,96,408,96,15,input,Ground truth,0.37281668186187744
ETTh2,96,408,96,16,input,Ground truth,0.22115138173103333
ETTh2,96,408,96,17,input,Ground truth,0.12628494203090668
ETTh2,96,408,96,18,input,Ground truth,0.03141867741942406
ETTh2,96,408,96,19,input,Ground truth,-0.12024662643671036
ETTh2,96,408,96,20,input,Ground truth,-0.27199819684028625
ETTh2,96,408,96,21,input,Ground truth,-0.3668646514415741
ETTh2,96,408,96,22,input,Ground truth,-0.4237499535083771
ETTh2,96,408,96,23,input,Ground truth,-0.4237499535083771
ETTh2,96,408,96,24,input,Ground truth,-0.4617308974266052
ETTh2,96,408,96,25,input,Ground truth,-0.4617308974266052
ETTh2,96,408,96,26,input,Ground truth,-0.4996257424354553
ETTh2,96,408,96,27,input,Ground truth,-0.5375204086303711
ETTh2,96,408,96,28,input,Ground truth,-0.575501561164856
ETTh2,96,408,96,29,input,Ground truth,-0.6133962273597717
ETTh2,96,408,96,30,input,Ground truth,-0.6513773202896118
ETTh2,96,408,96,31,input,Ground truth,-0.6703246831893921
ETTh2,96,408,96,32,input,Ground truth,-0.6703246831893921
ETTh2,96,408,96,33,input,Ground truth,-0.5185731053352356
ETTh2,96,408,96,34,input,Ground truth,-0.3668646514415741
ETTh2,96,408,96,35,input,Ground truth,-0.29098886251449585
ETTh2,96,408,96,36,input,Ground truth,-0.1961224228143692
ETTh2,96,408,96,37,input,Ground truth,-0.12024662643671036
ETTh2,96,408,96,38,input,Ground truth,-0.04445711150765419
ETTh2,96,408,96,39,input,Ground truth,0.05040915310382843
ETTh2,96,408,96,40,input,Ground truth,0.10733760893344879
ETTh2,96,408,96,41,input,Ground truth,0.06939979642629623
ETTh2,96,408,96,42,input,Ground truth,-0.04445711150765419
ETTh2,96,408,96,43,input,Ground truth,-0.12024662643671036
ETTh2,96,408,96,44,input,Ground truth,-0.1961224228143692
ETTh2,96,408,96,45,input,Ground truth,-0.23410353064537048
ETTh2,96,408,96,46,input,Ground truth,-0.30997931957244873
ETTh2,96,408,96,47,input,Ground truth,-0.34787416458129883
ETTh2,96,408,96,48,input,Ground truth,-0.3668646514415741
ETTh2,96,408,96,49,input,Ground truth,-0.385855108499527
ETTh2,96,408,96,50,input,Ground truth,-0.4237499535083771
ETTh2,96,408,96,51,input,Ground truth,-0.44274044036865234
ETTh2,96,408,96,52,input,Ground truth,-0.48067840933799744
ETTh2,96,408,96,53,input,Ground truth,-0.5375204086303711
ETTh2,96,408,96,54,input,Ground truth,-0.575501561164856
ETTh2,96,408,96,55,input,Ground truth,-0.6323868632316589
ETTh2,96,408,96,56,input,Ground truth,-0.6323868632316589
ETTh2,96,408,96,57,input,Ground truth,-0.44274044036865234
ETTh2,96,408,96,58,input,Ground truth,-0.1961655616760254
ETTh2,96,408,96,59,input,Ground truth,0.08834712952375412
ETTh2,96,408,96,60,input,Ground truth,0.2779935598373413
ETTh2,96,408,96,61,input,Ground truth,0.5246115922927856
ETTh2,96,408,96,62,input,Ground truth,0.6573293805122375
ETTh2,96,408,96,63,input,Ground truth,0.6383821964263916
ETTh2,96,408,96,64,input,Ground truth,0.5246115922927856
ETTh2,96,408,96,65,input,Ground truth,0.3918071687221527
ETTh2,96,408,96,66,input,Ground truth,0.22115138173103333
ETTh2,96,408,96,67,input,Ground truth,0.08834712952375412
ETTh2,96,408,96,68,input,Ground truth,-0.006475997157394886
ETTh2,96,408,96,69,input,Ground truth,-0.12024662643671036
ETTh2,96,408,96,70,input,Ground truth,-0.17717507481575012
ETTh2,96,408,96,71,input,Ground truth,-0.25305086374282837
ETTh2,96,408,96,72,input,Ground truth,-0.29098886251449585
ETTh2,96,408,96,73,input,Ground truth,-0.3289266526699066
ETTh2,96,408,96,74,input,Ground truth,-0.40480244159698486
ETTh2,96,408,96,75,input,Ground truth,-0.48067840933799744
ETTh2,96,408,96,76,input,Ground truth,-0.575501561164856
ETTh2,96,408,96,77,input,Ground truth,-0.6703246831893921
ETTh2,96,408,96,78,input,Ground truth,-0.746200442314148
ETTh2,96,408,96,79,input,Ground truth,-0.7841384410858154
ETTh2,96,408,96,80,input,Ground truth,-0.6893153190612793
ETTh2,96,408,96,81,input,Ground truth,-0.40480244159698486
ETTh2,96,408,96,82,input,Ground truth,-0.17717507481575012
ETTh2,96,408,96,83,input,Ground truth,0.05040915310382843
ETTh2,96,408,96,84,input,Ground truth,0.18317025899887085
ETTh2,96,408,96,85,input,Ground truth,0.33492201566696167
ETTh2,96,408,96,86,input,Ground truth,0.48667341470718384
ETTh2,96,408,96,87,input,Ground truth,0.5246115922927856
ETTh2,96,408,96,88,input,Ground truth,0.44873562455177307
ETTh2,96,408,96,89,input,Ground truth,0.2779935598373413
ETTh2,96,408,96,90,input,Ground truth,0.1072944700717926
ETTh2,96,408,96,91,input,Ground truth,-0.025466637685894966
ETTh2,96,408,96,92,input,Ground truth,-0.10129929333925247
ETTh2,96,408,96,93,input,Ground truth,-0.15822774171829224
ETTh2,96,408,96,94,input,Ground truth,-0.1961224228143692
ETTh2,96,408,96,95,input,Ground truth,-0.23410353064537048
ETTh2,96,408,96,96,forecast,Ground truth,-0.23410353064537048
ETTh2,96,408,96,97,forecast,Ground truth,-0.25305086374282837
ETTh2,96,408,96,98,forecast,Ground truth,-0.29098886251449585
ETTh2,96,408,96,99,forecast,Ground truth,-0.3479172885417938
ETTh2,96,408,96,100,forecast,Ground truth,-0.4237499535083771
ETTh2,96,408,96,101,forecast,Ground truth,-0.4996257424354553
ETTh2,96,408,96,102,forecast,Ground truth,-0.5565110445022583
ETTh2,96,408,96,103,forecast,Ground truth,-0.5944488644599915
ETTh2,96,408,96,104,forecast,Ground truth,-0.5565110445022583
ETTh2,96,408,96,105,forecast,Ground truth,-0.44274044036865234
ETTh2,96,408,96,106,forecast,Ground truth,-0.3289266526699066
ETTh2,96,408,96,107,forecast,Ground truth,-0.10134242475032806
ETTh2,96,408,96,108,forecast,Ground truth,0.12628494203090668
ETTh2,96,408,96,109,forecast,Ground truth,0.20216089487075806
ETTh2,96,408,96,110,forecast,Ground truth,0.22110824286937714
ETTh2,96,408,96,111,forecast,Ground truth,0.16422292590141296
ETTh2,96,408,96,112,forecast,Ground truth,0.08834712952375412
ETTh2,96,408,96,113,forecast,Ground truth,-0.006475997157394886
ETTh2,96,408,96,114,forecast,Ground truth,-0.10129929333925247
ETTh2,96,408,96,115,forecast,Ground truth,-0.15822774171829224
ETTh2,96,408,96,116,forecast,Ground truth,-0.1961224228143692
ETTh2,96,408,96,117,forecast,Ground truth,-0.2151130586862564
ETTh2,96,408,96,118,forecast,Ground truth,-0.23410353064537048
ETTh2,96,408,96,119,forecast,Ground truth,-0.27199819684028625
ETTh2,96,408,96,120,forecast,Ground truth,-0.34787416458129883
ETTh2,96,408,96,121,forecast,Ground truth,-0.40480244159698486
ETTh2,96,408,96,122,forecast,Ground truth,-0.4996257424354553
ETTh2,96,408,96,123,forecast,Ground truth,-0.5375204086303711
ETTh2,96,408,96,124,forecast,Ground truth,-0.6133962273597717
ETTh2,96,408,96,125,forecast,Ground truth,-0.6323868632316589
ETTh2,96,408,96,126,forecast,Ground truth,-0.6513773202896118
ETTh2,96,408,96,127,forecast,Ground truth,-0.6892721652984619
ETTh2,96,408,96,128,forecast,Ground truth,-0.6892721652984619
ETTh2,96,408,96,129,forecast,Ground truth,-0.5185731053352356
ETTh2,96,408,96,130,forecast,Ground truth,-0.3289266526699066
ETTh2,96,408,96,131,forecast,Ground truth,-0.10129929333925247
ETTh2,96,408,96,132,forecast,Ground truth,0.031461816281080246
ETTh2,96,408,96,133,forecast,Ground truth,0.20216089487075806
ETTh2,96,408,96,134,forecast,Ground truth,0.16422292590141296
ETTh2,96,408,96,135,forecast,Ground truth,0.012471340596675873
ETTh2,96,408,96,136,forecast,Ground truth,-0.06340444833040237
ETTh2,96,408,96,137,forecast,Ground truth,-0.13923710584640503
ETTh2,96,408,96,138,forecast,Ground truth,-0.1961224228143692
ETTh2,96,408,96,139,forecast,Ground truth,-0.25305086374282837
ETTh2,96,408,96,140,forecast,Ground truth,-0.30997931957244873
ETTh2,96,408,96,141,forecast,Ground truth,-0.34787416458129883
ETTh2,96,408,96,142,forecast,Ground truth,-0.385855108499527
ETTh2,96,408,96,143,forecast,Ground truth,-0.40480244159698486
ETTh2,96,408,96,144,forecast,Ground truth,-0.4237499535083771
ETTh2,96,408,96,145,forecast,Ground truth,-0.4617308974266052
ETTh2,96,408,96,146,forecast,Ground truth,-0.4617308974266052
ETTh2,96,408,96,147,forecast,Ground truth,-0.48067840933799744
ETTh2,96,408,96,148,forecast,Ground truth,-0.4996257424354553
ETTh2,96,408,96,149,forecast,Ground truth,-0.5375204086303711
ETTh2,96,408,96,150,forecast,Ground truth,-0.5565110445022583
ETTh2,96,408,96,151,forecast,Ground truth,-0.6133962273597717
ETTh2,96,408,96,152,forecast,Ground truth,-0.5944488644599915
ETTh2,96,408,96,153,forecast,Ground truth,-0.48067840933799744
ETTh2,96,408,96,154,forecast,Ground truth,-0.3289266526699066
ETTh2,96,408,96,155,forecast,Ground truth,-0.13923710584640503
ETTh2,96,408,96,156,forecast,Ground truth,-0.006519298534840345
ETTh2,96,408,96,157,forecast,Ground truth,0.12628494203090668
ETTh2,96,408,96,158,forecast,Ground truth,0.14527557790279388
ETTh2,96,408,96,159,forecast,Ground truth,0.012471340596675873
ETTh2,96,408,96,160,forecast,Ground truth,-0.06340444833040237
ETTh2,96,408,96,161,forecast,Ground truth,-0.10129929333925247
ETTh2,96,408,96,162,forecast,Ground truth,-0.12024662643671036
ETTh2,96,408,96,163,forecast,Ground truth,-0.15822774171829224
ETTh2,96,408,96,164,forecast,Ground truth,-0.15822774171829224
ETTh2,96,408,96,165,forecast,Ground truth,-0.1961224228143692
ETTh2,96,408,96,166,forecast,Ground truth,-0.23410353064537048
ETTh2,96,408,96,167,forecast,Ground truth,-0.23410353064537048
ETTh2,96,408,96,168,forecast,Ground truth,-0.29098886251449585
ETTh2,96,408,96,169,forecast,Ground truth,-0.30997931957244873
ETTh2,96,408,96,170,forecast,Ground truth,-0.30997931957244873
ETTh2,96,408,96,171,forecast,Ground truth,-0.3289266526699066
ETTh2,96,408,96,172,forecast,Ground truth,-0.34787416458129883
ETTh2,96,408,96,173,forecast,Ground truth,-0.34787416458129883
ETTh2,96,408,96,174,forecast,Ground truth,-0.385855108499527
ETTh2,96,408,96,175,forecast,Ground truth,-0.385855108499527
ETTh2,96,408,96,176,forecast,Ground truth,-0.385855108499527
ETTh2,96,408,96,177,forecast,Ground truth,-0.34787416458129883
ETTh2,96,408,96,178,forecast,Ground truth,-0.27199819684028625
ETTh2,96,408,96,179,forecast,Ground truth,-0.23410353064537048
ETTh2,96,408,96,180,forecast,Ground truth,-0.17717507481575012
ETTh2,96,408,96,181,forecast,Ground truth,-0.10129929333925247
ETTh2,96,408,96,182,forecast,Ground truth,-0.10129929333925247
ETTh2,96,408,96,183,forecast,Ground truth,-0.12024662643671036
ETTh2,96,408,96,184,forecast,Ground truth,-0.17717507481575012
ETTh2,96,408,96,185,forecast,Ground truth,-0.30997931957244873
ETTh2,96,408,96,186,forecast,Ground truth,-0.30997931957244873
ETTh2,96,408,96,187,forecast,Ground truth,-0.3289266526699066
ETTh2,96,408,96,188,forecast,Ground truth,-0.34787416458129883
ETTh2,96,408,96,189,forecast,Ground truth,-0.34787416458129883
ETTh2,96,408,96,190,forecast,Ground truth,-0.34787416458129883
ETTh2,96,408,96,191,forecast,Ground truth,-0.3668646514415741
ETTh2,96,408,96,0,input,TimeRole,-0.5944488644599915
ETTh2,96,408,96,1,input,TimeRole,-0.6323868632316589
ETTh2,96,408,96,2,input,TimeRole,-0.6323868632316589
ETTh2,96,408,96,3,input,TimeRole,-0.6513341665267944
ETTh2,96,408,96,4,input,TimeRole,-0.6892721652984619
ETTh2,96,408,96,5,input,TimeRole,-0.7651479840278625
ETTh2,96,408,96,6,input,TimeRole,-0.8031288981437683
ETTh2,96,408,96,7,input,TimeRole,-0.8410237431526184
ETTh2,96,408,96,8,input,TimeRole,-0.7651910781860352
ETTh2,96,408,96,9,input,TimeRole,-0.5375204086303711
ETTh2,96,408,96,10,input,TimeRole,-0.25305086374282837
ETTh2,96,408,96,11,input,TimeRole,0.03141867741942406
ETTh2,96,408,96,12,input,TimeRole,0.18317025899887085
ETTh2,96,408,96,13,input,TimeRole,0.33492201566696167
ETTh2,96,408,96,14,input,TimeRole,0.37281668186187744
ETTh2,96,408,96,15,input,TimeRole,0.37281668186187744
ETTh2,96,408,96,16,input,TimeRole,0.22115138173103333
ETTh2,96,408,96,17,input,TimeRole,0.12628494203090668
ETTh2,96,408,96,18,input,TimeRole,0.03141867741942406
ETTh2,96,408,96,19,input,TimeRole,-0.12024662643671036
ETTh2,96,408,96,20,input,TimeRole,-0.27199819684028625
ETTh2,96,408,96,21,input,TimeRole,-0.3668646514415741
ETTh2,96,408,96,22,input,TimeRole,-0.4237499535083771
ETTh2,96,408,96,23,input,TimeRole,-0.4237499535083771
ETTh2,96,408,96,24,input,TimeRole,-0.4617308974266052
ETTh2,96,408,96,25,input,TimeRole,-0.4617308974266052
ETTh2,96,408,96,26,input,TimeRole,-0.4996257424354553
ETTh2,96,408,96,27,input,TimeRole,-0.5375204086303711
ETTh2,96,408,96,28,input,TimeRole,-0.575501561164856
ETTh2,96,408,96,29,input,TimeRole,-0.6133962273597717
ETTh2,96,408,96,30,input,TimeRole,-0.6513773202896118
ETTh2,96,408,96,31,input,TimeRole,-0.6703246831893921
ETTh2,96,408,96,32,input,TimeRole,-0.6703246831893921
ETTh2,96,408,96,33,input,TimeRole,-0.5185731053352356
ETTh2,96,408,96,34,input,TimeRole,-0.3668646514415741
ETTh2,96,408,96,35,input,TimeRole,-0.29098886251449585
ETTh2,96,408,96,36,input,TimeRole,-0.1961224228143692
ETTh2,96,408,96,37,input,TimeRole,-0.12024662643671036
ETTh2,96,408,96,38,input,TimeRole,-0.04445711150765419
ETTh2,96,408,96,39,input,TimeRole,0.05040915310382843
ETTh2,96,408,96,40,input,TimeRole,0.10733760893344879
ETTh2,96,408,96,41,input,TimeRole,0.06939979642629623
ETTh2,96,408,96,42,input,TimeRole,-0.04445711150765419
ETTh2,96,408,96,43,input,TimeRole,-0.12024662643671036
ETTh2,96,408,96,44,input,TimeRole,-0.1961224228143692
ETTh2,96,408,96,45,input,TimeRole,-0.23410353064537048
ETTh2,96,408,96,46,input,TimeRole,-0.30997931957244873
ETTh2,96,408,96,47,input,TimeRole,-0.34787416458129883
ETTh2,96,408,96,48,input,TimeRole,-0.3668646514415741
ETTh2,96,408,96,49,input,TimeRole,-0.385855108499527
ETTh2,96,408,96,50,input,TimeRole,-0.4237499535083771
ETTh2,96,408,96,51,input,TimeRole,-0.44274044036865234
ETTh2,96,408,96,52,input,TimeRole,-0.48067840933799744
ETTh2,96,408,96,53,input,TimeRole,-0.5375204086303711
ETTh2,96,408,96,54,input,TimeRole,-0.575501561164856
ETTh2,96,408,96,55,input,TimeRole,-0.6323868632316589
ETTh2,96,408,96,56,input,TimeRole,-0.6323868632316589
ETTh2,96,408,96,57,input,TimeRole,-0.44274044036865234
ETTh2,96,408,96,58,input,TimeRole,-0.1961655616760254
ETTh2,96,408,96,59,input,TimeRole,0.08834712952375412
ETTh2,96,408,96,60,input,TimeRole,0.2779935598373413
ETTh2,96,408,96,61,input,TimeRole,0.5246115922927856
ETTh2,96,408,96,62,input,TimeRole,0.6573293805122375
ETTh2,96,408,96,63,input,TimeRole,0.6383821964263916
ETTh2,96,408,96,64,input,TimeRole,0.5246115922927856
ETTh2,96,408,96,65,input,TimeRole,0.3918071687221527
ETTh2,96,408,96,66,input,TimeRole,0.22115138173103333
ETTh2,96,408,96,67,input,TimeRole,0.08834712952375412
ETTh2,96,408,96,68,input,TimeRole,-0.006475997157394886
ETTh2,96,408,96,69,input,TimeRole,-0.12024662643671036
ETTh2,96,408,96,70,input,TimeRole,-0.17717507481575012
ETTh2,96,408,96,71,input,TimeRole,-0.25305086374282837
ETTh2,96,408,96,72,input,TimeRole,-0.29098886251449585
ETTh2,96,408,96,73,input,TimeRole,-0.3289266526699066
ETTh2,96,408,96,74,input,TimeRole,-0.40480244159698486
ETTh2,96,408,96,75,input,TimeRole,-0.48067840933799744
ETTh2,96,408,96,76,input,TimeRole,-0.575501561164856
ETTh2,96,408,96,77,input,TimeRole,-0.6703246831893921
ETTh2,96,408,96,78,input,TimeRole,-0.746200442314148
ETTh2,96,408,96,79,input,TimeRole,-0.7841384410858154
ETTh2,96,408,96,80,input,TimeRole,-0.6893153190612793
ETTh2,96,408,96,81,input,TimeRole,-0.40480244159698486
ETTh2,96,408,96,82,input,TimeRole,-0.17717507481575012
ETTh2,96,408,96,83,input,TimeRole,0.05040915310382843
ETTh2,96,408,96,84,input,TimeRole,0.18317025899887085
ETTh2,96,408,96,85,input,TimeRole,0.33492201566696167
ETTh2,96,408,96,86,input,TimeRole,0.48667341470718384
ETTh2,96,408,96,87,input,TimeRole,0.5246115922927856
ETTh2,96,408,96,88,input,TimeRole,0.44873562455177307
ETTh2,96,408,96,89,input,TimeRole,0.2779935598373413
ETTh2,96,408,96,90,input,TimeRole,0.1072944700717926
ETTh2,96,408,96,91,input,TimeRole,-0.025466637685894966
ETTh2,96,408,96,92,input,TimeRole,-0.10129929333925247
ETTh2,96,408,96,93,input,TimeRole,-0.15822774171829224
ETTh2,96,408,96,94,input,TimeRole,-0.1961224228143692
ETTh2,96,408,96,95,input,TimeRole,-0.23410353064537048
ETTh2,96,408,96,96,forecast,TimeRole,-0.32254868745803833
ETTh2,96,408,96,97,forecast,TimeRole,-0.3550277650356293
ETTh2,96,408,96,98,forecast,TimeRole,-0.3614822328090668
ETTh2,96,408,96,99,forecast,TimeRole,-0.37607139348983765
ETTh2,96,408,96,100,forecast,TimeRole,-0.4390583038330078
ETTh2,96,408,96,101,forecast,TimeRole,-0.5306575298309326
ETTh2,96,408,96,102,forecast,TimeRole,-0.5652545094490051
ETTh2,96,408,96,103,forecast,TimeRole,-0.6082435846328735
ETTh2,96,408,96,104,forecast,TimeRole,-0.4861096441745758
ETTh2,96,408,96,105,forecast,TimeRole,-0.34195905923843384
ETTh2,96,408,96,106,forecast,TimeRole,-0.17455214262008667
ETTh2,96,408,96,107,forecast,TimeRole,0.10031938552856445
ETTh2,96,408,96,108,forecast,TimeRole,0.16065220534801483
ETTh2,96,408,96,109,forecast,TimeRole,0.2838197946548462
ETTh2,96,408,96,110,forecast,TimeRole,0.36323684453964233
ETTh2,96,408,96,111,forecast,TimeRole,0.3836264908313751
ETTh2,96,408,96,112,forecast,TimeRole,0.3764936029911041
ETTh2,96,408,96,113,forecast,TimeRole,0.2193678617477417
ETTh2,96,408,96,114,forecast,TimeRole,0.1717154085636139
ETTh2,96,408,96,115,forecast,TimeRole,0.1338178515434265
ETTh2,96,408,96,116,forecast,TimeRole,-0.04188837483525276
ETTh2,96,408,96,117,forecast,TimeRole,-0.11873108893632889
ETTh2,96,408,96,118,forecast,TimeRole,-0.2190067023038864
ETTh2,96,408,96,119,forecast,TimeRole,-0.2898763418197632
ETTh2,96,408,96,120,forecast,TimeRole,-0.4115285873413086
ETTh2,96,408,96,121,forecast,TimeRole,-0.45418137311935425
ETTh2,96,408,96,122,forecast,TimeRole,-0.46942442655563354
ETTh2,96,408,96,123,forecast,TimeRole,-0.5164781808853149
ETTh2,96,408,96,124,forecast,TimeRole,-0.5696418881416321
ETTh2,96,408,96,125,forecast,TimeRole,-0.7011086344718933
ETTh2,96,408,96,126,forecast,TimeRole,-0.6362180709838867
ETTh2,96,408,96,127,forecast,TimeRole,-0.6788926720619202
ETTh2,96,408,96,128,forecast,TimeRole,-0.583881676197052
ETTh2,96,408,96,129,forecast,TimeRole,-0.42039984464645386
ETTh2,96,408,96,130,forecast,TimeRole,-0.21843747794628143
ETTh2,96,408,96,131,forecast,TimeRole,-0.06477519869804382
ETTh2,96,408,96,132,forecast,TimeRole,0.07182244956493378
ETTh2,96,408,96,133,forecast,TimeRole,0.12987515330314636
ETTh2,96,408,96,134,forecast,TimeRole,0.2849343717098236
ETTh2,96,408,96,135,forecast,TimeRole,0.2160256803035736
ETTh2,96,408,96,136,forecast,TimeRole,0.24005599319934845
ETTh2,96,408,96,137,forecast,TimeRole,0.08091415464878082
ETTh2,96,408,96,138,forecast,TimeRole,-0.008287407457828522
ETTh2,96,408,96,139,forecast,TimeRole,-0.06294255703687668
ETTh2,96,408,96,140,forecast,TimeRole,-0.1101943701505661
ETTh2,96,408,96,141,forecast,TimeRole,-0.15938769280910492
ETTh2,96,408,96,142,forecast,TimeRole,-0.26162031292915344
ETTh2,96,408,96,143,forecast,TimeRole,-0.2985062599182129
ETTh2,96,408,96,144,forecast,TimeRole,-0.3891461193561554
ETTh2,96,408,96,145,forecast,TimeRole,-0.4096980690956116
ETTh2,96,408,96,146,forecast,TimeRole,-0.3957255780696869
ETTh2,96,408,96,147,forecast,TimeRole,-0.4460654854774475
ETTh2,96,408,96,148,forecast,TimeRole,-0.43728119134902954
ETTh2,96,408,96,149,forecast,TimeRole,-0.504780113697052
ETTh2,96,408,96,150,forecast,TimeRole,-0.5779491662979126
ETTh2,96,408,96,151,forecast,TimeRole,-0.552162766456604
ETTh2,96,408,96,152,forecast,TimeRole,-0.5250526666641235
ETTh2,96,408,96,153,forecast,TimeRole,-0.4016132354736328
ETTh2,96,408,96,154,forecast,TimeRole,-0.19543278217315674
ETTh2,96,408,96,155,forecast,TimeRole,-0.09389045834541321
ETTh2,96,408,96,156,forecast,TimeRole,0.014055263251066208
ETTh2,96,408,96,157,forecast,TimeRole,0.12233913689851761
ETTh2,96,408,96,158,forecast,TimeRole,0.1878790557384491
ETTh2,96,408,96,159,forecast,TimeRole,0.25631070137023926
ETTh2,96,408,96,160,forecast,TimeRole,0.17561715841293335
ETTh2,96,408,96,161,forecast,TimeRole,0.11281707882881165
ETTh2,96,408,96,162,forecast,TimeRole,-0.014293994754552841
ETTh2,96,408,96,163,forecast,TimeRole,-0.11203217506408691
ETTh2,96,408,96,164,forecast,TimeRole,-0.15745387971401215
ETTh2,96,408,96,165,forecast,TimeRole,-0.2693420648574829
ETTh2,96,408,96,166,forecast,TimeRole,-0.3668973445892334
ETTh2,96,408,96,167,forecast,TimeRole,-0.3819209635257721
ETTh2,96,408,96,168,forecast,TimeRole,-0.49303242564201355
ETTh2,96,408,96,169,forecast,TimeRole,-0.470276415348053
ETTh2,96,408,96,170,forecast,TimeRole,-0.46293237805366516
ETTh2,96,408,96,171,forecast,TimeRole,-0.4878333806991577
ETTh2,96,408,96,172,forecast,TimeRole,-0.5311661958694458
ETTh2,96,408,96,173,forecast,TimeRole,-0.5811959505081177
ETTh2,96,408,96,174,forecast,TimeRole,-0.5150854587554932
ETTh2,96,408,96,175,forecast,TimeRole,-0.532079815864563
ETTh2,96,408,96,176,forecast,TimeRole,-0.5146853923797607
ETTh2,96,408,96,177,forecast,TimeRole,-0.38053175806999207
ETTh2,96,408,96,178,forecast,TimeRole,-0.19457314908504486
ETTh2,96,408,96,179,forecast,TimeRole,-0.0283503457903862
ETTh2,96,408,96,180,forecast,TimeRole,0.12134060263633728
ETTh2,96,408,96,181,forecast,TimeRole,0.2343260496854782
ETTh2,96,408,96,182,forecast,TimeRole,0.2923884093761444
ETTh2,96,408,96,183,forecast,TimeRole,0.2856079936027527
ETTh2,96,408,96,184,forecast,TimeRole,0.24769297242164612
ETTh2,96,408,96,185,forecast,TimeRole,0.1281016319990158
ETTh2,96,408,96,186,forecast,TimeRole,0.08110025525093079
ETTh2,96,408,96,187,forecast,TimeRole,-0.025175537914037704
ETTh2,96,408,96,188,forecast,TimeRole,-0.15723924338817596
ETTh2,96,408,96,189,forecast,TimeRole,-0.1452549695968628
ETTh2,96,408,96,190,forecast,TimeRole,-0.23008942604064941
ETTh2,96,408,96,191,forecast,TimeRole,-0.2552664875984192
ETTh2,96,408,96,0,input,S-Mamba,-0.5944488644599915
ETTh2,96,408,96,1,input,S-Mamba,-0.6323868632316589
ETTh2,96,408,96,2,input,S-Mamba,-0.6323868632316589
ETTh2,96,408,96,3,input,S-Mamba,-0.6513341665267944
ETTh2,96,408,96,4,input,S-Mamba,-0.6892721652984619
ETTh2,96,408,96,5,input,S-Mamba,-0.7651479840278625
ETTh2,96,408,96,6,input,S-Mamba,-0.8031288981437683
ETTh2,96,408,96,7,input,S-Mamba,-0.8410237431526184
ETTh2,96,408,96,8,input,S-Mamba,-0.7651910781860352
ETTh2,96,408,96,9,input,S-Mamba,-0.5375204086303711
ETTh2,96,408,96,10,input,S-Mamba,-0.25305086374282837
ETTh2,96,408,96,11,input,S-Mamba,0.03141867741942406
ETTh2,96,408,96,12,input,S-Mamba,0.18317025899887085
ETTh2,96,408,96,13,input,S-Mamba,0.33492201566696167
ETTh2,96,408,96,14,input,S-Mamba,0.37281668186187744
ETTh2,96,408,96,15,input,S-Mamba,0.37281668186187744
ETTh2,96,408,96,16,input,S-Mamba,0.22115138173103333
ETTh2,96,408,96,17,input,S-Mamba,0.12628494203090668
ETTh2,96,408,96,18,input,S-Mamba,0.03141867741942406
ETTh2,96,408,96,19,input,S-Mamba,-0.12024662643671036
ETTh2,96,408,96,20,input,S-Mamba,-0.27199819684028625
ETTh2,96,408,96,21,input,S-Mamba,-0.3668646514415741
ETTh2,96,408,96,22,input,S-Mamba,-0.4237499535083771
ETTh2,96,408,96,23,input,S-Mamba,-0.4237499535083771
ETTh2,96,408,96,24,input,S-Mamba,-0.4617308974266052
ETTh2,96,408,96,25,input,S-Mamba,-0.4617308974266052
ETTh2,96,408,96,26,input,S-Mamba,-0.4996257424354553
ETTh2,96,408,96,27,input,S-Mamba,-0.5375204086303711
ETTh2,96,408,96,28,input,S-Mamba,-0.575501561164856
ETTh2,96,408,96,29,input,S-Mamba,-0.6133962273597717
ETTh2,96,408,96,30,input,S-Mamba,-0.6513773202896118
ETTh2,96,408,96,31,input,S-Mamba,-0.6703246831893921
ETTh2,96,408,96,32,input,S-Mamba,-0.6703246831893921
ETTh2,96,408,96,33,input,S-Mamba,-0.5185731053352356
ETTh2,96,408,96,34,input,S-Mamba,-0.3668646514415741
ETTh2,96,408,96,35,input,S-Mamba,-0.29098886251449585
ETTh2,96,408,96,36,input,S-Mamba,-0.1961224228143692
ETTh2,96,408,96,37,input,S-Mamba,-0.12024662643671036
ETTh2,96,408,96,38,input,S-Mamba,-0.04445711150765419
ETTh2,96,408,96,39,input,S-Mamba,0.05040915310382843
ETTh2,96,408,96,40,input,S-Mamba,0.10733760893344879
ETTh2,96,408,96,41,input,S-Mamba,0.06939979642629623
ETTh2,96,408,96,42,input,S-Mamba,-0.04445711150765419
ETTh2,96,408,96,43,input,S-Mamba,-0.12024662643671036
ETTh2,96,408,96,44,input,S-Mamba,-0.1961224228143692
ETTh2,96,408,96,45,input,S-Mamba,-0.23410353064537048
ETTh2,96,408,96,46,input,S-Mamba,-0.30997931957244873
ETTh2,96,408,96,47,input,S-Mamba,-0.34787416458129883
ETTh2,96,408,96,48,input,S-Mamba,-0.3668646514415741
ETTh2,96,408,96,49,input,S-Mamba,-0.385855108499527
ETTh2,96,408,96,50,input,S-Mamba,-0.4237499535083771
ETTh2,96,408,96,51,input,S-Mamba,-0.44274044036865234
ETTh2,96,408,96,52,input,S-Mamba,-0.48067840933799744
ETTh2,96,408,96,53,input,S-Mamba,-0.5375204086303711
ETTh2,96,408,96,54,input,S-Mamba,-0.575501561164856
ETTh2,96,408,96,55,input,S-Mamba,-0.6323868632316589
ETTh2,96,408,96,56,input,S-Mamba,-0.6323868632316589
ETTh2,96,408,96,57,input,S-Mamba,-0.44274044036865234
ETTh2,96,408,96,58,input,S-Mamba,-0.1961655616760254
ETTh2,96,408,96,59,input,S-Mamba,0.08834712952375412
ETTh2,96,408,96,60,input,S-Mamba,0.2779935598373413
ETTh2,96,408,96,61,input,S-Mamba,0.5246115922927856
ETTh2,96,408,96,62,input,S-Mamba,0.6573293805122375
ETTh2,96,408,96,63,input,S-Mamba,0.6383821964263916
ETTh2,96,408,96,64,input,S-Mamba,0.5246115922927856
ETTh2,96,408,96,65,input,S-Mamba,0.3918071687221527
ETTh2,96,408,96,66,input,S-Mamba,0.22115138173103333
ETTh2,96,408,96,67,input,S-Mamba,0.08834712952375412
ETTh2,96,408,96,68,input,S-Mamba,-0.006475997157394886
ETTh2,96,408,96,69,input,S-Mamba,-0.12024662643671036
ETTh2,96,408,96,70,input,S-Mamba,-0.17717507481575012
ETTh2,96,408,96,71,input,S-Mamba,-0.25305086374282837
ETTh2,96,408,96,72,input,S-Mamba,-0.29098886251449585
ETTh2,96,408,96,73,input,S-Mamba,-0.3289266526699066
ETTh2,96,408,96,74,input,S-Mamba,-0.40480244159698486
ETTh2,96,408,96,75,input,S-Mamba,-0.48067840933799744
ETTh2,96,408,96,76,input,S-Mamba,-0.575501561164856
ETTh2,96,408,96,77,input,S-Mamba,-0.6703246831893921
ETTh2,96,408,96,78,input,S-Mamba,-0.746200442314148
ETTh2,96,408,96,79,input,S-Mamba,-0.7841384410858154
ETTh2,96,408,96,80,input,S-Mamba,-0.6893153190612793
ETTh2,96,408,96,81,input,S-Mamba,-0.40480244159698486
ETTh2,96,408,96,82,input,S-Mamba,-0.17717507481575012
ETTh2,96,408,96,83,input,S-Mamba,0.05040915310382843
ETTh2,96,408,96,84,input,S-Mamba,0.18317025899887085
ETTh2,96,408,96,85,input,S-Mamba,0.33492201566696167
ETTh2,96,408,96,86,input,S-Mamba,0.48667341470718384
ETTh2,96,408,96,87,input,S-Mamba,0.5246115922927856
ETTh2,96,408,96,88,input,S-Mamba,0.44873562455177307
ETTh2,96,408,96,89,input,S-Mamba,0.2779935598373413
ETTh2,96,408,96,90,input,S-Mamba,0.1072944700717926
ETTh2,96,408,96,91,input,S-Mamba,-0.025466637685894966
ETTh2,96,408,96,92,input,S-Mamba,-0.10129929333925247
ETTh2,96,408,96,93,input,S-Mamba,-0.15822774171829224
ETTh2,96,408,96,94,input,S-Mamba,-0.1961224228143692
ETTh2,96,408,96,95,input,S-Mamba,-0.23410353064537048
ETTh2,96,408,96,96,forecast,S-Mamba,-0.5066452026367188
ETTh2,96,408,96,97,forecast,S-Mamba,-0.5865534543991089
ETTh2,96,408,96,98,forecast,S-Mamba,-0.6197434067726135
ETTh2,96,408,96,99,forecast,S-Mamba,-0.5524612069129944
ETTh2,96,408,96,100,forecast,S-Mamba,-0.7398624420166016
ETTh2,96,408,96,101,forecast,S-Mamba,-0.6735051870346069
ETTh2,96,408,96,102,forecast,S-Mamba,-0.6529639363288879
ETTh2,96,408,96,103,forecast,S-Mamba,-0.5589781403541565
ETTh2,96,408,96,104,forecast,S-Mamba,-0.578033983707428
ETTh2,96,408,96,105,forecast,S-Mamba,-0.32521727681159973
ETTh2,96,408,96,106,forecast,S-Mamba,-0.32340919971466064
ETTh2,96,408,96,107,forecast,S-Mamba,-0.11827462911605835
ETTh2,96,408,96,108,forecast,S-Mamba,-0.00544014573097229
ETTh2,96,408,96,109,forecast,S-Mamba,0.14315134286880493
ETTh2,96,408,96,110,forecast,S-Mamba,0.24079561233520508
ETTh2,96,408,96,111,forecast,S-Mamba,0.09233462810516357
ETTh2,96,408,96,112,forecast,S-Mamba,0.21397113800048828
ETTh2,96,408,96,113,forecast,S-Mamba,0.03664451837539673
ETTh2,96,408,96,114,forecast,S-Mamba,-0.011075913906097412
ETTh2,96,408,96,115,forecast,S-Mamba,-0.025296300649642944
ETTh2,96,408,96,116,forecast,S-Mamba,-0.1778658777475357
ETTh2,96,408,96,117,forecast,S-Mamba,-0.33660635352134705
ETTh2,96,408,96,118,forecast,S-Mamba,-0.4452449381351471
ETTh2,96,408,96,119,forecast,S-Mamba,-0.481130987405777
ETTh2,96,408,96,120,forecast,S-Mamba,-0.42809948325157166
ETTh2,96,408,96,121,forecast,S-Mamba,-0.5858249664306641
ETTh2,96,408,96,122,forecast,S-Mamba,-0.7036123275756836
ETTh2,96,408,96,123,forecast,S-Mamba,-0.6687867641448975
ETTh2,96,408,96,124,forecast,S-Mamba,-0.8428667783737183
ETTh2,96,408,96,125,forecast,S-Mamba,-0.6945706605911255
ETTh2,96,408,96,126,forecast,S-Mamba,-0.5647354125976562
ETTh2,96,408,96,127,forecast,S-Mamba,-0.624295175075531
ETTh2,96,408,96,128,forecast,S-Mamba,-0.5453099012374878
ETTh2,96,408,96,129,forecast,S-Mamba,-0.2854403555393219
ETTh2,96,408,96,130,forecast,S-Mamba,-0.15012815594673157
ETTh2,96,408,96,131,forecast,S-Mamba,-0.10069851577281952
ETTh2,96,408,96,132,forecast,S-Mamba,-0.04065945744514465
ETTh2,96,408,96,133,forecast,S-Mamba,0.05114096403121948
ETTh2,96,408,96,134,forecast,S-Mamba,0.15621039271354675
ETTh2,96,408,96,135,forecast,S-Mamba,0.19301092624664307
ETTh2,96,408,96,136,forecast,S-Mamba,0.12875500321388245
ETTh2,96,408,96,137,forecast,S-Mamba,0.0939573347568512
ETTh2,96,408,96,138,forecast,S-Mamba,-0.04566672444343567
ETTh2,96,408,96,139,forecast,S-Mamba,-0.061845749616622925
ETTh2,96,408,96,140,forecast,S-Mamba,-0.18985110521316528
ETTh2,96,408,96,141,forecast,S-Mamba,-0.23512786626815796
ETTh2,96,408,96,142,forecast,S-Mamba,-0.39089447259902954
ETTh2,96,408,96,143,forecast,S-Mamba,-0.41826725006103516
ETTh2,96,408,96,144,forecast,S-Mamba,-0.5907235145568848
ETTh2,96,408,96,145,forecast,S-Mamba,-0.4478127360343933
ETTh2,96,408,96,146,forecast,S-Mamba,-0.5874491930007935
ETTh2,96,408,96,147,forecast,S-Mamba,-0.646714448928833
ETTh2,96,408,96,148,forecast,S-Mamba,-0.5844177603721619
ETTh2,96,408,96,149,forecast,S-Mamba,-0.6987661719322205
ETTh2,96,408,96,150,forecast,S-Mamba,-0.689921498298645
ETTh2,96,408,96,151,forecast,S-Mamba,-0.656079888343811
ETTh2,96,408,96,152,forecast,S-Mamba,-0.4322054982185364
ETTh2,96,408,96,153,forecast,S-Mamba,-0.46290719509124756
ETTh2,96,408,96,154,forecast,S-Mamba,-0.2922195792198181
ETTh2,96,408,96,155,forecast,S-Mamba,-0.1266292780637741
ETTh2,96,408,96,156,forecast,S-Mamba,-0.12459714710712433
ETTh2,96,408,96,157,forecast,S-Mamba,0.01725289225578308
ETTh2,96,408,96,158,forecast,S-Mamba,0.13081049919128418
ETTh2,96,408,96,159,forecast,S-Mamba,0.15485501289367676
ETTh2,96,408,96,160,forecast,S-Mamba,0.35764187574386597
ETTh2,96,408,96,161,forecast,S-Mamba,0.09037747979164124
ETTh2,96,408,96,162,forecast,S-Mamba,0.04689738154411316
ETTh2,96,408,96,163,forecast,S-Mamba,-0.20235374569892883
ETTh2,96,408,96,164,forecast,S-Mamba,-0.17226789891719818
ETTh2,96,408,96,165,forecast,S-Mamba,-0.18523775041103363
ETTh2,96,408,96,166,forecast,S-Mamba,-0.41807782649993896
ETTh2,96,408,96,167,forecast,S-Mamba,-0.33131805062294006
ETTh2,96,408,96,168,forecast,S-Mamba,-0.5287492275238037
ETTh2,96,408,96,169,forecast,S-Mamba,-0.7339455485343933
ETTh2,96,408,96,170,forecast,S-Mamba,-0.5684318542480469
ETTh2,96,408,96,171,forecast,S-Mamba,-0.6909274458885193
ETTh2,96,408,96,172,forecast,S-Mamba,-0.6536928415298462
ETTh2,96,408,96,173,forecast,S-Mamba,-0.642314076423645
ETTh2,96,408,96,174,forecast,S-Mamba,-0.5993794202804565
ETTh2,96,408,96,175,forecast,S-Mamba,-0.6362303495407104
ETTh2,96,408,96,176,forecast,S-Mamba,-0.5396936535835266
ETTh2,96,408,96,177,forecast,S-Mamba,-0.28973275423049927
ETTh2,96,408,96,178,forecast,S-Mamba,-0.2907900810241699
ETTh2,96,408,96,179,forecast,S-Mamba,-0.14954714477062225
ETTh2,96,408,96,180,forecast,S-Mamba,0.0026328861713409424
ETTh2,96,408,96,181,forecast,S-Mamba,0.05769151449203491
ETTh2,96,408,96,182,forecast,S-Mamba,0.1266094148159027
ETTh2,96,408,96,183,forecast,S-Mamba,0.21087336540222168
ETTh2,96,408,96,184,forecast,S-Mamba,0.1315937340259552
ETTh2,96,408,96,185,forecast,S-Mamba,0.08303755521774292
ETTh2,96,408,96,186,forecast,S-Mamba,0.11020293831825256
ETTh2,96,408,96,187,forecast,S-Mamba,-0.008858174085617065
ETTh2,96,408,96,188,forecast,S-Mamba,-0.25470829010009766
ETTh2,96,408,96,189,forecast,S-Mamba,-0.2822936475276947
ETTh2,96,408,96,190,forecast,S-Mamba,-0.48408612608909607
ETTh2,96,408,96,191,forecast,S-Mamba,-0.41225478053092957
ETTh2,96,408,96,0,input,iTransformer,-0.5944488644599915
ETTh2,96,408,96,1,input,iTransformer,-0.6323868632316589
ETTh2,96,408,96,2,input,iTransformer,-0.6323868632316589
ETTh2,96,408,96,3,input,iTransformer,-0.6513341665267944
ETTh2,96,408,96,4,input,iTransformer,-0.6892721652984619
ETTh2,96,408,96,5,input,iTransformer,-0.7651479840278625
ETTh2,96,408,96,6,input,iTransformer,-0.8031288981437683
ETTh2,96,408,96,7,input,iTransformer,-0.8410237431526184
ETTh2,96,408,96,8,input,iTransformer,-0.7651910781860352
ETTh2,96,408,96,9,input,iTransformer,-0.5375204086303711
ETTh2,96,408,96,10,input,iTransformer,-0.25305086374282837
ETTh2,96,408,96,11,input,iTransformer,0.03141867741942406
ETTh2,96,408,96,12,input,iTransformer,0.18317025899887085
ETTh2,96,408,96,13,input,iTransformer,0.33492201566696167
ETTh2,96,408,96,14,input,iTransformer,0.37281668186187744
ETTh2,96,408,96,15,input,iTransformer,0.37281668186187744
ETTh2,96,408,96,16,input,iTransformer,0.22115138173103333
ETTh2,96,408,96,17,input,iTransformer,0.12628494203090668
ETTh2,96,408,96,18,input,iTransformer,0.03141867741942406
ETTh2,96,408,96,19,input,iTransformer,-0.12024662643671036
ETTh2,96,408,96,20,input,iTransformer,-0.27199819684028625
ETTh2,96,408,96,21,input,iTransformer,-0.3668646514415741
ETTh2,96,408,96,22,input,iTransformer,-0.4237499535083771
ETTh2,96,408,96,23,input,iTransformer,-0.4237499535083771
ETTh2,96,408,96,24,input,iTransformer,-0.4617308974266052
ETTh2,96,408,96,25,input,iTransformer,-0.4617308974266052
ETTh2,96,408,96,26,input,iTransformer,-0.4996257424354553
ETTh2,96,408,96,27,input,iTransformer,-0.5375204086303711
ETTh2,96,408,96,28,input,iTransformer,-0.575501561164856
ETTh2,96,408,96,29,input,iTransformer,-0.6133962273597717
ETTh2,96,408,96,30,input,iTransformer,-0.6513773202896118
ETTh2,96,408,96,31,input,iTransformer,-0.6703246831893921
ETTh2,96,408,96,32,input,iTransformer,-0.6703246831893921
ETTh2,96,408,96,33,input,iTransformer,-0.5185731053352356
ETTh2,96,408,96,34,input,iTransformer,-0.3668646514415741
ETTh2,96,408,96,35,input,iTransformer,-0.29098886251449585
ETTh2,96,408,96,36,input,iTransformer,-0.1961224228143692
ETTh2,96,408,96,37,input,iTransformer,-0.12024662643671036
ETTh2,96,408,96,38,input,iTransformer,-0.04445711150765419
ETTh2,96,408,96,39,input,iTransformer,0.05040915310382843
ETTh2,96,408,96,40,input,iTransformer,0.10733760893344879
ETTh2,96,408,96,41,input,iTransformer,0.06939979642629623
ETTh2,96,408,96,42,input,iTransformer,-0.04445711150765419
ETTh2,96,408,96,43,input,iTransformer,-0.12024662643671036
ETTh2,96,408,96,44,input,iTransformer,-0.1961224228143692
ETTh2,96,408,96,45,input,iTransformer,-0.23410353064537048
ETTh2,96,408,96,46,input,iTransformer,-0.30997931957244873
ETTh2,96,408,96,47,input,iTransformer,-0.34787416458129883
ETTh2,96,408,96,48,input,iTransformer,-0.3668646514415741
ETTh2,96,408,96,49,input,iTransformer,-0.385855108499527
ETTh2,96,408,96,50,input,iTransformer,-0.4237499535083771
ETTh2,96,408,96,51,input,iTransformer,-0.44274044036865234
ETTh2,96,408,96,52,input,iTransformer,-0.48067840933799744
ETTh2,96,408,96,53,input,iTransformer,-0.5375204086303711
ETTh2,96,408,96,54,input,iTransformer,-0.575501561164856
ETTh2,96,408,96,55,input,iTransformer,-0.6323868632316589
ETTh2,96,408,96,56,input,iTransformer,-0.6323868632316589
ETTh2,96,408,96,57,input,iTransformer,-0.44274044036865234
ETTh2,96,408,96,58,input,iTransformer,-0.1961655616760254
ETTh2,96,408,96,59,input,iTransformer,0.08834712952375412
ETTh2,96,408,96,60,input,iTransformer,0.2779935598373413
ETTh2,96,408,96,61,input,iTransformer,0.5246115922927856
ETTh2,96,408,96,62,input,iTransformer,0.6573293805122375
ETTh2,96,408,96,63,input,iTransformer,0.6383821964263916
ETTh2,96,408,96,64,input,iTransformer,0.5246115922927856
ETTh2,96,408,96,65,input,iTransformer,0.3918071687221527
ETTh2,96,408,96,66,input,iTransformer,0.22115138173103333
ETTh2,96,408,96,67,input,iTransformer,0.08834712952375412
ETTh2,96,408,96,68,input,iTransformer,-0.006475997157394886
ETTh2,96,408,96,69,input,iTransformer,-0.12024662643671036
ETTh2,96,408,96,70,input,iTransformer,-0.17717507481575012
ETTh2,96,408,96,71,input,iTransformer,-0.25305086374282837
ETTh2,96,408,96,72,input,iTransformer,-0.29098886251449585
ETTh2,96,408,96,73,input,iTransformer,-0.3289266526699066
ETTh2,96,408,96,74,input,iTransformer,-0.40480244159698486
ETTh2,96,408,96,75,input,iTransformer,-0.48067840933799744
ETTh2,96,408,96,76,input,iTransformer,-0.575501561164856
ETTh2,96,408,96,77,input,iTransformer,-0.6703246831893921
ETTh2,96,408,96,78,input,iTransformer,-0.746200442314148
ETTh2,96,408,96,79,input,iTransformer,-0.7841384410858154
ETTh2,96,408,96,80,input,iTransformer,-0.6893153190612793
ETTh2,96,408,96,81,input,iTransformer,-0.40480244159698486
ETTh2,96,408,96,82,input,iTransformer,-0.17717507481575012
ETTh2,96,408,96,83,input,iTransformer,0.05040915310382843
ETTh2,96,408,96,84,input,iTransformer,0.18317025899887085
ETTh2,96,408,96,85,input,iTransformer,0.33492201566696167
ETTh2,96,408,96,86,input,iTransformer,0.48667341470718384
ETTh2,96,408,96,87,input,iTransformer,0.5246115922927856
ETTh2,96,408,96,88,input,iTransformer,0.44873562455177307
ETTh2,96,408,96,89,input,iTransformer,0.2779935598373413
ETTh2,96,408,96,90,input,iTransformer,0.1072944700717926
ETTh2,96,408,96,91,input,iTransformer,-0.025466637685894966
ETTh2,96,408,96,92,input,iTransformer,-0.10129929333925247
ETTh2,96,408,96,93,input,iTransformer,-0.15822774171829224
ETTh2,96,408,96,94,input,iTransformer,-0.1961224228143692
ETTh2,96,408,96,95,input,iTransformer,-0.23410353064537048
ETTh2,96,408,96,96,forecast,iTransformer,-0.45435425639152527
ETTh2,96,408,96,97,forecast,iTransformer,-0.5419402718544006
ETTh2,96,408,96,98,forecast,iTransformer,-0.562145471572876
ETTh2,96,408,96,99,forecast,iTransformer,-0.7059824466705322
ETTh2,96,408,96,100,forecast,iTransformer,-0.5778146386146545
ETTh2,96,408,96,101,forecast,iTransformer,-0.7160483002662659
ETTh2,96,408,96,102,forecast,iTransformer,-0.5725672245025635
ETTh2,96,408,96,103,forecast,iTransformer,-0.5591133236885071
ETTh2,96,408,96,104,forecast,iTransformer,-0.5420080423355103
ETTh2,96,408,96,105,forecast,iTransformer,-0.5106062889099121
ETTh2,96,408,96,106,forecast,iTransformer,-0.302592933177948
ETTh2,96,408,96,107,forecast,iTransformer,-0.14755800366401672
ETTh2,96,408,96,108,forecast,iTransformer,-0.09345956146717072
ETTh2,96,408,96,109,forecast,iTransformer,0.037508636713027954
ETTh2,96,408,96,110,forecast,iTransformer,-0.001098930835723877
ETTh2,96,408,96,111,forecast,iTransformer,0.05169796943664551
ETTh2,96,408,96,112,forecast,iTransformer,-0.02125874161720276
ETTh2,96,408,96,113,forecast,iTransformer,-0.07096230983734131
ETTh2,96,408,96,114,forecast,iTransformer,-0.0065506696701049805
ETTh2,96,408,96,115,forecast,iTransformer,-0.029777467250823975
ETTh2,96,408,96,116,forecast,iTransformer,-0.09164930880069733
ETTh2,96,408,96,117,forecast,iTransformer,-0.28196993470191956
ETTh2,96,408,96,118,forecast,iTransformer,-0.4230214059352875
ETTh2,96,408,96,119,forecast,iTransformer,-0.4113834798336029
ETTh2,96,408,96,120,forecast,iTransformer,-0.4568321704864502
ETTh2,96,408,96,121,forecast,iTransformer,-0.5860356688499451
ETTh2,96,408,96,122,forecast,iTransformer,-0.6256247758865356
ETTh2,96,408,96,123,forecast,iTransformer,-0.6214926838874817
ETTh2,96,408,96,124,forecast,iTransformer,-0.6776195168495178
ETTh2,96,408,96,125,forecast,iTransformer,-0.6757930517196655
ETTh2,96,408,96,126,forecast,iTransformer,-0.6287725567817688
ETTh2,96,408,96,127,forecast,iTransformer,-0.618037223815918
ETTh2,96,408,96,128,forecast,iTransformer,-0.5801526308059692
ETTh2,96,408,96,129,forecast,iTransformer,-0.39321368932724
ETTh2,96,408,96,130,forecast,iTransformer,-0.3224736452102661
ETTh2,96,408,96,131,forecast,iTransformer,-0.24654549360275269
ETTh2,96,408,96,132,forecast,iTransformer,-0.12451440095901489
ETTh2,96,408,96,133,forecast,iTransformer,-0.026562243700027466
ETTh2,96,408,96,134,forecast,iTransformer,-0.03111395239830017
ETTh2,96,408,96,135,forecast,iTransformer,-0.0566076934337616
ETTh2,96,408,96,136,forecast,iTransformer,0.11470332741737366
ETTh2,96,408,96,137,forecast,iTransformer,0.016127079725265503
ETTh2,96,408,96,138,forecast,iTransformer,0.0019119083881378174
ETTh2,96,408,96,139,forecast,iTransformer,-0.1516919732093811
ETTh2,96,408,96,140,forecast,iTransformer,-0.1427817940711975
ETTh2,96,408,96,141,forecast,iTransformer,-0.2657977044582367
ETTh2,96,408,96,142,forecast,iTransformer,-0.33152931928634644
ETTh2,96,408,96,143,forecast,iTransformer,-0.3633955121040344
ETTh2,96,408,96,144,forecast,iTransformer,-0.4733439087867737
ETTh2,96,408,96,145,forecast,iTransformer,-0.5399647355079651
ETTh2,96,408,96,146,forecast,iTransformer,-0.5955120325088501
ETTh2,96,408,96,147,forecast,iTransformer,-0.5444645881652832
ETTh2,96,408,96,148,forecast,iTransformer,-0.6598182916641235
ETTh2,96,408,96,149,forecast,iTransformer,-0.5890622138977051
ETTh2,96,408,96,150,forecast,iTransformer,-0.5232526063919067
ETTh2,96,408,96,151,forecast,iTransformer,-0.6527191400527954
ETTh2,96,408,96,152,forecast,iTransformer,-0.6222119927406311
ETTh2,96,408,96,153,forecast,iTransformer,-0.3647104501724243
ETTh2,96,408,96,154,forecast,iTransformer,-0.3811275064945221
ETTh2,96,408,96,155,forecast,iTransformer,-0.26134273409843445
ETTh2,96,408,96,156,forecast,iTransformer,-0.13772131502628326
ETTh2,96,408,96,157,forecast,iTransformer,-0.06439393758773804
ETTh2,96,408,96,158,forecast,iTransformer,-0.034232914447784424
ETTh2,96,408,96,159,forecast,iTransformer,-0.022455543279647827
ETTh2,96,408,96,160,forecast,iTransformer,0.08400079607963562
ETTh2,96,408,96,161,forecast,iTransformer,-0.01750415563583374
ETTh2,96,408,96,162,forecast,iTransformer,0.0009460151195526123
ETTh2,96,408,96,163,forecast,iTransformer,-0.1987878978252411
ETTh2,96,408,96,164,forecast,iTransformer,-0.16997013986110687
ETTh2,96,408,96,165,forecast,iTransformer,-0.16459468007087708
ETTh2,96,408,96,166,forecast,iTransformer,-0.2752670347690582
ETTh2,96,408,96,167,forecast,iTransformer,-0.42479047179222107
ETTh2,96,408,96,168,forecast,iTransformer,-0.5376330614089966
ETTh2,96,408,96,169,forecast,iTransformer,-0.594376266002655
ETTh2,96,408,96,170,forecast,iTransformer,-0.5389832258224487
ETTh2,96,408,96,171,forecast,iTransformer,-0.6494237780570984
ETTh2,96,408,96,172,forecast,iTransformer,-0.6750843524932861
ETTh2,96,408,96,173,forecast,iTransformer,-0.670863151550293
ETTh2,96,408,96,174,forecast,iTransformer,-0.7073282599449158
ETTh2,96,408,96,175,forecast,iTransformer,-0.5352381467819214
ETTh2,96,408,96,176,forecast,iTransformer,-0.43918758630752563
ETTh2,96,408,96,177,forecast,iTransformer,-0.37814390659332275
ETTh2,96,408,96,178,forecast,iTransformer,-0.23257634043693542
ETTh2,96,408,96,179,forecast,iTransformer,-0.2754237949848175
ETTh2,96,408,96,180,forecast,iTransformer,-0.13682802021503448
ETTh2,96,408,96,181,forecast,iTransformer,-0.17254462838172913
ETTh2,96,408,96,182,forecast,iTransformer,-0.03643667697906494
ETTh2,96,408,96,183,forecast,iTransformer,0.051205724477767944
ETTh2,96,408,96,184,forecast,iTransformer,-0.005178958177566528
ETTh2,96,408,96,185,forecast,iTransformer,0.06148886680603027
ETTh2,96,408,96,186,forecast,iTransformer,-0.08862254023551941
ETTh2,96,408,96,187,forecast,iTransformer,-0.08293600380420685
ETTh2,96,408,96,188,forecast,iTransformer,-0.1983610987663269
ETTh2,96,408,96,189,forecast,iTransformer,-0.19915556907653809
ETTh2,96,408,96,190,forecast,iTransformer,-0.2253705859184265
ETTh2,96,408,96,191,forecast,iTransformer,-0.5039623975753784
ETTh2,96,408,96,0,input,TimeMixer,-0.5944488644599915
ETTh2,96,408,96,1,input,TimeMixer,-0.6323868632316589
ETTh2,96,408,96,2,input,TimeMixer,-0.6323868632316589
ETTh2,96,408,96,3,input,TimeMixer,-0.6513341665267944
ETTh2,96,408,96,4,input,TimeMixer,-0.6892721652984619
ETTh2,96,408,96,5,input,TimeMixer,-0.7651479840278625
ETTh2,96,408,96,6,input,TimeMixer,-0.8031288981437683
ETTh2,96,408,96,7,input,TimeMixer,-0.8410237431526184
ETTh2,96,408,96,8,input,TimeMixer,-0.7651910781860352
ETTh2,96,408,96,9,input,TimeMixer,-0.5375204086303711
ETTh2,96,408,96,10,input,TimeMixer,-0.25305086374282837
ETTh2,96,408,96,11,input,TimeMixer,0.03141867741942406
ETTh2,96,408,96,12,input,TimeMixer,0.18317025899887085
ETTh2,96,408,96,13,input,TimeMixer,0.33492201566696167
ETTh2,96,408,96,14,input,TimeMixer,0.37281668186187744
ETTh2,96,408,96,15,input,TimeMixer,0.37281668186187744
ETTh2,96,408,96,16,input,TimeMixer,0.22115138173103333
ETTh2,96,408,96,17,input,TimeMixer,0.12628494203090668
ETTh2,96,408,96,18,input,TimeMixer,0.03141867741942406
ETTh2,96,408,96,19,input,TimeMixer,-0.12024662643671036
ETTh2,96,408,96,20,input,TimeMixer,-0.27199819684028625
ETTh2,96,408,96,21,input,TimeMixer,-0.3668646514415741
ETTh2,96,408,96,22,input,TimeMixer,-0.4237499535083771
ETTh2,96,408,96,23,input,TimeMixer,-0.4237499535083771
ETTh2,96,408,96,24,input,TimeMixer,-0.4617308974266052
ETTh2,96,408,96,25,input,TimeMixer,-0.4617308974266052
ETTh2,96,408,96,26,input,TimeMixer,-0.4996257424354553
ETTh2,96,408,96,27,input,TimeMixer,-0.5375204086303711
ETTh2,96,408,96,28,input,TimeMixer,-0.575501561164856
ETTh2,96,408,96,29,input,TimeMixer,-0.6133962273597717
ETTh2,96,408,96,30,input,TimeMixer,-0.6513773202896118
ETTh2,96,408,96,31,input,TimeMixer,-0.6703246831893921
ETTh2,96,408,96,32,input,TimeMixer,-0.6703246831893921
ETTh2,96,408,96,33,input,TimeMixer,-0.5185731053352356
ETTh2,96,408,96,34,input,TimeMixer,-0.3668646514415741
ETTh2,96,408,96,35,input,TimeMixer,-0.29098886251449585
ETTh2,96,408,96,36,input,TimeMixer,-0.1961224228143692
ETTh2,96,408,96,37,input,TimeMixer,-0.12024662643671036
ETTh2,96,408,96,38,input,TimeMixer,-0.04445711150765419
ETTh2,96,408,96,39,input,TimeMixer,0.05040915310382843
ETTh2,96,408,96,40,input,TimeMixer,0.10733760893344879
ETTh2,96,408,96,41,input,TimeMixer,0.06939979642629623
ETTh2,96,408,96,42,input,TimeMixer,-0.04445711150765419
ETTh2,96,408,96,43,input,TimeMixer,-0.12024662643671036
ETTh2,96,408,96,44,input,TimeMixer,-0.1961224228143692
ETTh2,96,408,96,45,input,TimeMixer,-0.23410353064537048
ETTh2,96,408,96,46,input,TimeMixer,-0.30997931957244873
ETTh2,96,408,96,47,input,TimeMixer,-0.34787416458129883
ETTh2,96,408,96,48,input,TimeMixer,-0.3668646514415741
ETTh2,96,408,96,49,input,TimeMixer,-0.385855108499527
ETTh2,96,408,96,50,input,TimeMixer,-0.4237499535083771
ETTh2,96,408,96,51,input,TimeMixer,-0.44274044036865234
ETTh2,96,408,96,52,input,TimeMixer,-0.48067840933799744
ETTh2,96,408,96,53,input,TimeMixer,-0.5375204086303711
ETTh2,96,408,96,54,input,TimeMixer,-0.575501561164856
ETTh2,96,408,96,55,input,TimeMixer,-0.6323868632316589
ETTh2,96,408,96,56,input,TimeMixer,-0.6323868632316589
ETTh2,96,408,96,57,input,TimeMixer,-0.44274044036865234
ETTh2,96,408,96,58,input,TimeMixer,-0.1961655616760254
ETTh2,96,408,96,59,input,TimeMixer,0.08834712952375412
ETTh2,96,408,96,60,input,TimeMixer,0.2779935598373413
ETTh2,96,408,96,61,input,TimeMixer,0.5246115922927856
ETTh2,96,408,96,62,input,TimeMixer,0.6573293805122375
ETTh2,96,408,96,63,input,TimeMixer,0.6383821964263916
ETTh2,96,408,96,64,input,TimeMixer,0.5246115922927856
ETTh2,96,408,96,65,input,TimeMixer,0.3918071687221527
ETTh2,96,408,96,66,input,TimeMixer,0.22115138173103333
ETTh2,96,408,96,67,input,TimeMixer,0.08834712952375412
ETTh2,96,408,96,68,input,TimeMixer,-0.006475997157394886
ETTh2,96,408,96,69,input,TimeMixer,-0.12024662643671036
ETTh2,96,408,96,70,input,TimeMixer,-0.17717507481575012
ETTh2,96,408,96,71,input,TimeMixer,-0.25305086374282837
ETTh2,96,408,96,72,input,TimeMixer,-0.29098886251449585
ETTh2,96,408,96,73,input,TimeMixer,-0.3289266526699066
ETTh2,96,408,96,74,input,TimeMixer,-0.40480244159698486
ETTh2,96,408,96,75,input,TimeMixer,-0.48067840933799744
ETTh2,96,408,96,76,input,TimeMixer,-0.575501561164856
ETTh2,96,408,96,77,input,TimeMixer,-0.6703246831893921
ETTh2,96,408,96,78,input,TimeMixer,-0.746200442314148
ETTh2,96,408,96,79,input,TimeMixer,-0.7841384410858154
ETTh2,96,408,96,80,input,TimeMixer,-0.6893153190612793
ETTh2,96,408,96,81,input,TimeMixer,-0.40480244159698486
ETTh2,96,408,96,82,input,TimeMixer,-0.17717507481575012
ETTh2,96,408,96,83,input,TimeMixer,0.05040915310382843
ETTh2,96,408,96,84,input,TimeMixer,0.18317025899887085
ETTh2,96,408,96,85,input,TimeMixer,0.33492201566696167
ETTh2,96,408,96,86,input,TimeMixer,0.48667341470718384
ETTh2,96,408,96,87,input,TimeMixer,0.5246115922927856
ETTh2,96,408,96,88,input,TimeMixer,0.44873562455177307
ETTh2,96,408,96,89,input,TimeMixer,0.2779935598373413
ETTh2,96,408,96,90,input,TimeMixer,0.1072944700717926
ETTh2,96,408,96,91,input,TimeMixer,-0.025466637685894966
ETTh2,96,408,96,92,input,TimeMixer,-0.10129929333925247
ETTh2,96,408,96,93,input,TimeMixer,-0.15822774171829224
ETTh2,96,408,96,94,input,TimeMixer,-0.1961224228143692
ETTh2,96,408,96,95,input,TimeMixer,-0.23410353064537048
ETTh2,96,408,96,96,forecast,TimeMixer,-0.17480136454105377
ETTh2,96,408,96,97,forecast,TimeMixer,-0.390466570854187
ETTh2,96,408,96,98,forecast,TimeMixer,-0.3604126572608948
ETTh2,96,408,96,99,forecast,TimeMixer,-0.3463720381259918
ETTh2,96,408,96,100,forecast,TimeMixer,-0.46893131732940674
ETTh2,96,408,96,101,forecast,TimeMixer,-0.5436225533485413
ETTh2,96,408,96,102,forecast,TimeMixer,-0.49012210965156555
ETTh2,96,408,96,103,forecast,TimeMixer,-0.4675695598125458
ETTh2,96,408,96,104,forecast,TimeMixer,-0.3417726755142212
ETTh2,96,408,96,105,forecast,TimeMixer,-0.28758177161216736
ETTh2,96,408,96,106,forecast,TimeMixer,-0.11880338191986084
ETTh2,96,408,96,107,forecast,TimeMixer,0.08526545763015747
ETTh2,96,408,96,108,forecast,TimeMixer,0.16893208026885986
ETTh2,96,408,96,109,forecast,TimeMixer,0.30519217252731323
ETTh2,96,408,96,110,forecast,TimeMixer,0.45142990350723267
ETTh2,96,408,96,111,forecast,TimeMixer,0.38231360912323
ETTh2,96,408,96,112,forecast,TimeMixer,0.44748663902282715
ETTh2,96,408,96,113,forecast,TimeMixer,0.3053600788116455
ETTh2,96,408,96,114,forecast,TimeMixer,0.14939028024673462
ETTh2,96,408,96,115,forecast,TimeMixer,0.04351300001144409
ETTh2,96,408,96,116,forecast,TimeMixer,0.031951338052749634
ETTh2,96,408,96,117,forecast,TimeMixer,-0.002108961343765259
ETTh2,96,408,96,118,forecast,TimeMixer,-0.13761712610721588
ETTh2,96,408,96,119,forecast,TimeMixer,-0.1856551319360733
ETTh2,96,408,96,120,forecast,TimeMixer,-0.24686384201049805
ETTh2,96,408,96,121,forecast,TimeMixer,-0.2493634819984436
ETTh2,96,408,96,122,forecast,TimeMixer,-0.36909738183021545
ETTh2,96,408,96,123,forecast,TimeMixer,-0.4302833676338196
ETTh2,96,408,96,124,forecast,TimeMixer,-0.4818305969238281
ETTh2,96,408,96,125,forecast,TimeMixer,-0.5063412189483643
ETTh2,96,408,96,126,forecast,TimeMixer,-0.500699520111084
ETTh2,96,408,96,127,forecast,TimeMixer,-0.5357772707939148
ETTh2,96,408,96,128,forecast,TimeMixer,-0.45982781052589417
ETTh2,96,408,96,129,forecast,TimeMixer,-0.32368725538253784
ETTh2,96,408,96,130,forecast,TimeMixer,-0.19804081320762634
ETTh2,96,408,96,131,forecast,TimeMixer,-0.08892327547073364
ETTh2,96,408,96,132,forecast,TimeMixer,0.05732959508895874
ETTh2,96,408,96,133,forecast,TimeMixer,0.24817758798599243
ETTh2,96,408,96,134,forecast,TimeMixer,0.4536122679710388
ETTh2,96,408,96,135,forecast,TimeMixer,0.4732435941696167
ETTh2,96,408,96,136,forecast,TimeMixer,0.3499335050582886
ETTh2,96,408,96,137,forecast,TimeMixer,0.24808287620544434
ETTh2,96,408,96,138,forecast,TimeMixer,0.17901921272277832
ETTh2,96,408,96,139,forecast,TimeMixer,0.0717724859714508
ETTh2,96,408,96,140,forecast,TimeMixer,-0.10595476627349854
ETTh2,96,408,96,141,forecast,TimeMixer,-0.12350738048553467
ETTh2,96,408,96,142,forecast,TimeMixer,-0.1779516339302063
ETTh2,96,408,96,143,forecast,TimeMixer,-0.21803990006446838
ETTh2,96,408,96,144,forecast,TimeMixer,-0.3351764380931854
ETTh2,96,408,96,145,forecast,TimeMixer,-0.2783726751804352
ETTh2,96,408,96,146,forecast,TimeMixer,-0.3746403455734253
ETTh2,96,408,96,147,forecast,TimeMixer,-0.3761027157306671
ETTh2,96,408,96,148,forecast,TimeMixer,-0.459916889667511
ETTh2,96,408,96,149,forecast,TimeMixer,-0.4163110554218292
ETTh2,96,408,96,150,forecast,TimeMixer,-0.4158773720264435
ETTh2,96,408,96,151,forecast,TimeMixer,-0.3167361319065094
ETTh2,96,408,96,152,forecast,TimeMixer,-0.33426371216773987
ETTh2,96,408,96,153,forecast,TimeMixer,-0.228529155254364
ETTh2,96,408,96,154,forecast,TimeMixer,-0.021499037742614746
ETTh2,96,408,96,155,forecast,TimeMixer,0.11790946125984192
ETTh2,96,408,96,156,forecast,TimeMixer,0.23318225145339966
ETTh2,96,408,96,157,forecast,TimeMixer,0.36713695526123047
ETTh2,96,408,96,158,forecast,TimeMixer,0.5071064233779907
ETTh2,96,408,96,159,forecast,TimeMixer,0.6930186748504639
ETTh2,96,408,96,160,forecast,TimeMixer,0.46073204278945923
ETTh2,96,408,96,161,forecast,TimeMixer,0.27476251125335693
ETTh2,96,408,96,162,forecast,TimeMixer,0.21100670099258423
ETTh2,96,408,96,163,forecast,TimeMixer,0.16051837801933289
ETTh2,96,408,96,164,forecast,TimeMixer,0.03544706106185913
ETTh2,96,408,96,165,forecast,TimeMixer,-0.10542286932468414
ETTh2,96,408,96,166,forecast,TimeMixer,-0.2237085998058319
ETTh2,96,408,96,167,forecast,TimeMixer,-0.30516481399536133
ETTh2,96,408,96,168,forecast,TimeMixer,-0.33838966488838196
ETTh2,96,408,96,169,forecast,TimeMixer,-0.35750246047973633
ETTh2,96,408,96,170,forecast,TimeMixer,-0.3255375027656555
ETTh2,96,408,96,171,forecast,TimeMixer,-0.44601136445999146
ETTh2,96,408,96,172,forecast,TimeMixer,-0.491670697927475
ETTh2,96,408,96,173,forecast,TimeMixer,-0.3569144904613495
ETTh2,96,408,96,174,forecast,TimeMixer,-0.5729230046272278
ETTh2,96,408,96,175,forecast,TimeMixer,-0.4063085913658142
ETTh2,96,408,96,176,forecast,TimeMixer,-0.3850840628147125
ETTh2,96,408,96,177,forecast,TimeMixer,-0.21209007501602173
ETTh2,96,408,96,178,forecast,TimeMixer,-0.09128318727016449
ETTh2,96,408,96,179,forecast,TimeMixer,0.06344828009605408
ETTh2,96,408,96,180,forecast,TimeMixer,0.20960873365402222
ETTh2,96,408,96,181,forecast,TimeMixer,0.35286933183670044
ETTh2,96,408,96,182,forecast,TimeMixer,0.44150638580322266
ETTh2,96,408,96,183,forecast,TimeMixer,0.48500245809555054
ETTh2,96,408,96,184,forecast,TimeMixer,0.39786696434020996
ETTh2,96,408,96,185,forecast,TimeMixer,0.30777013301849365
ETTh2,96,408,96,186,forecast,TimeMixer,0.14365941286087036
ETTh2,96,408,96,187,forecast,TimeMixer,0.02914971113204956
ETTh2,96,408,96,188,forecast,TimeMixer,-0.0016198456287384033
ETTh2,96,408,96,189,forecast,TimeMixer,-0.1441941112279892
ETTh2,96,408,96,190,forecast,TimeMixer,-0.12208127975463867
ETTh2,96,408,96,191,forecast,TimeMixer,-0.266975462436676
ETTh2,96,408,96,0,input,MSGNet,-0.5944488644599915
ETTh2,96,408,96,1,input,MSGNet,-0.6323868632316589
ETTh2,96,408,96,2,input,MSGNet,-0.6323868632316589
ETTh2,96,408,96,3,input,MSGNet,-0.6513341665267944
ETTh2,96,408,96,4,input,MSGNet,-0.6892721652984619
ETTh2,96,408,96,5,input,MSGNet,-0.7651479840278625
ETTh2,96,408,96,6,input,MSGNet,-0.8031288981437683
ETTh2,96,408,96,7,input,MSGNet,-0.8410237431526184
ETTh2,96,408,96,8,input,MSGNet,-0.7651910781860352
ETTh2,96,408,96,9,input,MSGNet,-0.5375204086303711
ETTh2,96,408,96,10,input,MSGNet,-0.25305086374282837
ETTh2,96,408,96,11,input,MSGNet,0.03141867741942406
ETTh2,96,408,96,12,input,MSGNet,0.18317025899887085
ETTh2,96,408,96,13,input,MSGNet,0.33492201566696167
ETTh2,96,408,96,14,input,MSGNet,0.37281668186187744
ETTh2,96,408,96,15,input,MSGNet,0.37281668186187744
ETTh2,96,408,96,16,input,MSGNet,0.22115138173103333
ETTh2,96,408,96,17,input,MSGNet,0.12628494203090668
ETTh2,96,408,96,18,input,MSGNet,0.03141867741942406
ETTh2,96,408,96,19,input,MSGNet,-0.12024662643671036
ETTh2,96,408,96,20,input,MSGNet,-0.27199819684028625
ETTh2,96,408,96,21,input,MSGNet,-0.3668646514415741
ETTh2,96,408,96,22,input,MSGNet,-0.4237499535083771
ETTh2,96,408,96,23,input,MSGNet,-0.4237499535083771
ETTh2,96,408,96,24,input,MSGNet,-0.4617308974266052
ETTh2,96,408,96,25,input,MSGNet,-0.4617308974266052
ETTh2,96,408,96,26,input,MSGNet,-0.4996257424354553
ETTh2,96,408,96,27,input,MSGNet,-0.5375204086303711
ETTh2,96,408,96,28,input,MSGNet,-0.575501561164856
ETTh2,96,408,96,29,input,MSGNet,-0.6133962273597717
ETTh2,96,408,96,30,input,MSGNet,-0.6513773202896118
ETTh2,96,408,96,31,input,MSGNet,-0.6703246831893921
ETTh2,96,408,96,32,input,MSGNet,-0.6703246831893921
ETTh2,96,408,96,33,input,MSGNet,-0.5185731053352356
ETTh2,96,408,96,34,input,MSGNet,-0.3668646514415741
ETTh2,96,408,96,35,input,MSGNet,-0.29098886251449585
ETTh2,96,408,96,36,input,MSGNet,-0.1961224228143692
ETTh2,96,408,96,37,input,MSGNet,-0.12024662643671036
ETTh2,96,408,96,38,input,MSGNet,-0.04445711150765419
ETTh2,96,408,96,39,input,MSGNet,0.05040915310382843
ETTh2,96,408,96,40,input,MSGNet,0.10733760893344879
ETTh2,96,408,96,41,input,MSGNet,0.06939979642629623
ETTh2,96,408,96,42,input,MSGNet,-0.04445711150765419
ETTh2,96,408,96,43,input,MSGNet,-0.12024662643671036
ETTh2,96,408,96,44,input,MSGNet,-0.1961224228143692
ETTh2,96,408,96,45,input,MSGNet,-0.23410353064537048
ETTh2,96,408,96,46,input,MSGNet,-0.30997931957244873
ETTh2,96,408,96,47,input,MSGNet,-0.34787416458129883
ETTh2,96,408,96,48,input,MSGNet,-0.3668646514415741
ETTh2,96,408,96,49,input,MSGNet,-0.385855108499527
ETTh2,96,408,96,50,input,MSGNet,-0.4237499535083771
ETTh2,96,408,96,51,input,MSGNet,-0.44274044036865234
ETTh2,96,408,96,52,input,MSGNet,-0.48067840933799744
ETTh2,96,408,96,53,input,MSGNet,-0.5375204086303711
ETTh2,96,408,96,54,input,MSGNet,-0.575501561164856
ETTh2,96,408,96,55,input,MSGNet,-0.6323868632316589
ETTh2,96,408,96,56,input,MSGNet,-0.6323868632316589
ETTh2,96,408,96,57,input,MSGNet,-0.44274044036865234
ETTh2,96,408,96,58,input,MSGNet,-0.1961655616760254
ETTh2,96,408,96,59,input,MSGNet,0.08834712952375412
ETTh2,96,408,96,60,input,MSGNet,0.2779935598373413
ETTh2,96,408,96,61,input,MSGNet,0.5246115922927856
ETTh2,96,408,96,62,input,MSGNet,0.6573293805122375
ETTh2,96,408,96,63,input,MSGNet,0.6383821964263916
ETTh2,96,408,96,64,input,MSGNet,0.5246115922927856
ETTh2,96,408,96,65,input,MSGNet,0.3918071687221527
ETTh2,96,408,96,66,input,MSGNet,0.22115138173103333
ETTh2,96,408,96,67,input,MSGNet,0.08834712952375412
ETTh2,96,408,96,68,input,MSGNet,-0.006475997157394886
ETTh2,96,408,96,69,input,MSGNet,-0.12024662643671036
ETTh2,96,408,96,70,input,MSGNet,-0.17717507481575012
ETTh2,96,408,96,71,input,MSGNet,-0.25305086374282837
ETTh2,96,408,96,72,input,MSGNet,-0.29098886251449585
ETTh2,96,408,96,73,input,MSGNet,-0.3289266526699066
ETTh2,96,408,96,74,input,MSGNet,-0.40480244159698486
ETTh2,96,408,96,75,input,MSGNet,-0.48067840933799744
ETTh2,96,408,96,76,input,MSGNet,-0.575501561164856
ETTh2,96,408,96,77,input,MSGNet,-0.6703246831893921
ETTh2,96,408,96,78,input,MSGNet,-0.746200442314148
ETTh2,96,408,96,79,input,MSGNet,-0.7841384410858154
ETTh2,96,408,96,80,input,MSGNet,-0.6893153190612793
ETTh2,96,408,96,81,input,MSGNet,-0.40480244159698486
ETTh2,96,408,96,82,input,MSGNet,-0.17717507481575012
ETTh2,96,408,96,83,input,MSGNet,0.05040915310382843
ETTh2,96,408,96,84,input,MSGNet,0.18317025899887085
ETTh2,96,408,96,85,input,MSGNet,0.33492201566696167
ETTh2,96,408,96,86,input,MSGNet,0.48667341470718384
ETTh2,96,408,96,87,input,MSGNet,0.5246115922927856
ETTh2,96,408,96,88,input,MSGNet,0.44873562455177307
ETTh2,96,408,96,89,input,MSGNet,0.2779935598373413
ETTh2,96,408,96,90,input,MSGNet,0.1072944700717926
ETTh2,96,408,96,91,input,MSGNet,-0.025466637685894966
ETTh2,96,408,96,92,input,MSGNet,-0.10129929333925247
ETTh2,96,408,96,93,input,MSGNet,-0.15822774171829224
ETTh2,96,408,96,94,input,MSGNet,-0.1961224228143692
ETTh2,96,408,96,95,input,MSGNet,-0.23410353064537048
ETTh2,96,408,96,96,forecast,MSGNet,-0.5282014012336731
ETTh2,96,408,96,97,forecast,MSGNet,-0.6134437322616577
ETTh2,96,408,96,98,forecast,MSGNet,-0.5844408273696899
ETTh2,96,408,96,99,forecast,MSGNet,-0.49825894832611084
ETTh2,96,408,96,100,forecast,MSGNet,-0.5886195302009583
ETTh2,96,408,96,101,forecast,MSGNet,-0.5938326120376587
ETTh2,96,408,96,102,forecast,MSGNet,-0.6526651382446289
ETTh2,96,408,96,103,forecast,MSGNet,-0.6518567800521851
ETTh2,96,408,96,104,forecast,MSGNet,-0.6312827467918396
ETTh2,96,408,96,105,forecast,MSGNet,-0.6150177121162415
ETTh2,96,408,96,106,forecast,MSGNet,-0.6440262794494629
ETTh2,96,408,96,107,forecast,MSGNet,-0.35455024242401123
ETTh2,96,408,96,108,forecast,MSGNet,-0.37112417817115784
ETTh2,96,408,96,109,forecast,MSGNet,-0.4224991202354431
ETTh2,96,408,96,110,forecast,MSGNet,-0.2034004032611847
ETTh2,96,408,96,111,forecast,MSGNet,-0.2405436784029007
ETTh2,96,408,96,112,forecast,MSGNet,-0.28758522868156433
ETTh2,96,408,96,113,forecast,MSGNet,-0.2078177034854889
ETTh2,96,408,96,114,forecast,MSGNet,-0.3112269937992096
ETTh2,96,408,96,115,forecast,MSGNet,-0.37082672119140625
ETTh2,96,408,96,116,forecast,MSGNet,-0.3802490234375
ETTh2,96,408,96,117,forecast,MSGNet,-0.3237599730491638
ETTh2,96,408,96,118,forecast,MSGNet,-0.22859326004981995
ETTh2,96,408,96,119,forecast,MSGNet,-0.4991294741630554
ETTh2,96,408,96,120,forecast,MSGNet,-0.44429412484169006
ETTh2,96,408,96,121,forecast,MSGNet,-0.6136663556098938
ETTh2,96,408,96,122,forecast,MSGNet,-0.5636647939682007
ETTh2,96,408,96,123,forecast,MSGNet,-0.6875574588775635
ETTh2,96,408,96,124,forecast,MSGNet,-0.6823558211326599
ETTh2,96,408,96,125,forecast,MSGNet,-0.7327649593353271
ETTh2,96,408,96,126,forecast,MSGNet,-0.7029215097427368
ETTh2,96,408,96,127,forecast,MSGNet,-0.6861181259155273
ETTh2,96,408,96,128,forecast,MSGNet,-0.7519491910934448
ETTh2,96,408,96,129,forecast,MSGNet,-0.5451170802116394
ETTh2,96,408,96,130,forecast,MSGNet,-0.5984652042388916
ETTh2,96,408,96,131,forecast,MSGNet,-0.4947153329849243
ETTh2,96,408,96,132,forecast,MSGNet,-0.43738874793052673
ETTh2,96,408,96,133,forecast,MSGNet,-0.3620438873767853
ETTh2,96,408,96,134,forecast,MSGNet,-0.3899229168891907
ETTh2,96,408,96,135,forecast,MSGNet,-0.26645928621292114
ETTh2,96,408,96,136,forecast,MSGNet,-0.21715743839740753
ETTh2,96,408,96,137,forecast,MSGNet,-0.17353180050849915
ETTh2,96,408,96,138,forecast,MSGNet,-0.30977609753608704
ETTh2,96,408,96,139,forecast,MSGNet,-0.29375675320625305
ETTh2,96,408,96,140,forecast,MSGNet,-0.4220725893974304
ETTh2,96,408,96,141,forecast,MSGNet,-0.3730430603027344
ETTh2,96,408,96,142,forecast,MSGNet,-0.27443447709083557
ETTh2,96,408,96,143,forecast,MSGNet,-0.5823357701301575
ETTh2,96,408,96,144,forecast,MSGNet,-0.4213874936103821
ETTh2,96,408,96,145,forecast,MSGNet,-0.6037311553955078
ETTh2,96,408,96,146,forecast,MSGNet,-0.4341126084327698
ETTh2,96,408,96,147,forecast,MSGNet,-0.5135512351989746
ETTh2,96,408,96,148,forecast,MSGNet,-0.5800659656524658
ETTh2,96,408,96,149,forecast,MSGNet,-0.6505569219589233
ETTh2,96,408,96,150,forecast,MSGNet,-0.5441542863845825
ETTh2,96,408,96,151,forecast,MSGNet,-0.7385164499282837
ETTh2,96,408,96,152,forecast,MSGNet,-0.6833446025848389
ETTh2,96,408,96,153,forecast,MSGNet,-0.4748850464820862
ETTh2,96,408,96,154,forecast,MSGNet,-0.5747969150543213
ETTh2,96,408,96,155,forecast,MSGNet,-0.29539111256599426
ETTh2,96,408,96,156,forecast,MSGNet,-0.24848471581935883
ETTh2,96,408,96,157,forecast,MSGNet,-0.24432718753814697
ETTh2,96,408,96,158,forecast,MSGNet,-0.16468578577041626
ETTh2,96,408,96,159,forecast,MSGNet,-0.08916205167770386
ETTh2,96,408,96,160,forecast,MSGNet,-0.12649722397327423
ETTh2,96,408,96,161,forecast,MSGNet,-0.15944421291351318
ETTh2,96,408,96,162,forecast,MSGNet,-0.22472606599330902
ETTh2,96,408,96,163,forecast,MSGNet,-0.1976168155670166
ETTh2,96,408,96,164,forecast,MSGNet,-0.155351459980011
ETTh2,96,408,96,165,forecast,MSGNet,-0.22632941603660583
ETTh2,96,408,96,166,forecast,MSGNet,-0.32407623529434204
ETTh2,96,408,96,167,forecast,MSGNet,-0.2936043441295624
ETTh2,96,408,96,168,forecast,MSGNet,-0.5039836764335632
ETTh2,96,408,96,169,forecast,MSGNet,-0.45615696907043457
ETTh2,96,408,96,170,forecast,MSGNet,-0.49690335988998413
ETTh2,96,408,96,171,forecast,MSGNet,-0.5686113834381104
ETTh2,96,408,96,172,forecast,MSGNet,-0.724928617477417
ETTh2,96,408,96,173,forecast,MSGNet,-0.6424098014831543
ETTh2,96,408,96,174,forecast,MSGNet,-0.5592874884605408
ETTh2,96,408,96,175,forecast,MSGNet,-0.7225544452667236
ETTh2,96,408,96,176,forecast,MSGNet,-0.6763224601745605
ETTh2,96,408,96,177,forecast,MSGNet,-0.5201169848442078
ETTh2,96,408,96,178,forecast,MSGNet,-0.40998077392578125
ETTh2,96,408,96,179,forecast,MSGNet,-0.3169570565223694
ETTh2,96,408,96,180,forecast,MSGNet,-0.1696300208568573
ETTh2,96,408,96,181,forecast,MSGNet,-0.26233410835266113
ETTh2,96,408,96,182,forecast,MSGNet,-0.15703463554382324
ETTh2,96,408,96,183,forecast,MSGNet,-0.10832256078720093
ETTh2,96,408,96,184,forecast,MSGNet,-0.16632701456546783
ETTh2,96,408,96,185,forecast,MSGNet,-0.09676887094974518
ETTh2,96,408,96,186,forecast,MSGNet,-0.1874362826347351
ETTh2,96,408,96,187,forecast,MSGNet,-0.4004785716533661
ETTh2,96,408,96,188,forecast,MSGNet,-0.2743769884109497
ETTh2,96,408,96,189,forecast,MSGNet,-0.31207573413848877
ETTh2,96,408,96,190,forecast,MSGNet,-0.32709765434265137
ETTh2,96,408,96,191,forecast,MSGNet,-0.24100252985954285
ETTh2,96,408,96,0,input,PatchTST,-0.5944488644599915
ETTh2,96,408,96,1,input,PatchTST,-0.6323868632316589
ETTh2,96,408,96,2,input,PatchTST,-0.6323868632316589
ETTh2,96,408,96,3,input,PatchTST,-0.6513341665267944
ETTh2,96,408,96,4,input,PatchTST,-0.6892721652984619
ETTh2,96,408,96,5,input,PatchTST,-0.7651479840278625
ETTh2,96,408,96,6,input,PatchTST,-0.8031288981437683
ETTh2,96,408,96,7,input,PatchTST,-0.8410237431526184
ETTh2,96,408,96,8,input,PatchTST,-0.7651910781860352
ETTh2,96,408,96,9,input,PatchTST,-0.5375204086303711
ETTh2,96,408,96,10,input,PatchTST,-0.25305086374282837
ETTh2,96,408,96,11,input,PatchTST,0.03141867741942406
ETTh2,96,408,96,12,input,PatchTST,0.18317025899887085
ETTh2,96,408,96,13,input,PatchTST,0.33492201566696167
ETTh2,96,408,96,14,input,PatchTST,0.37281668186187744
ETTh2,96,408,96,15,input,PatchTST,0.37281668186187744
ETTh2,96,408,96,16,input,PatchTST,0.22115138173103333
ETTh2,96,408,96,17,input,PatchTST,0.12628494203090668
ETTh2,96,408,96,18,input,PatchTST,0.03141867741942406
ETTh2,96,408,96,19,input,PatchTST,-0.12024662643671036
ETTh2,96,408,96,20,input,PatchTST,-0.27199819684028625
ETTh2,96,408,96,21,input,PatchTST,-0.3668646514415741
ETTh2,96,408,96,22,input,PatchTST,-0.4237499535083771
ETTh2,96,408,96,23,input,PatchTST,-0.4237499535083771
ETTh2,96,408,96,24,input,PatchTST,-0.4617308974266052
ETTh2,96,408,96,25,input,PatchTST,-0.4617308974266052
ETTh2,96,408,96,26,input,PatchTST,-0.4996257424354553
ETTh2,96,408,96,27,input,PatchTST,-0.5375204086303711
ETTh2,96,408,96,28,input,PatchTST,-0.575501561164856
ETTh2,96,408,96,29,input,PatchTST,-0.6133962273597717
ETTh2,96,408,96,30,input,PatchTST,-0.6513773202896118
ETTh2,96,408,96,31,input,PatchTST,-0.6703246831893921
ETTh2,96,408,96,32,input,PatchTST,-0.6703246831893921
ETTh2,96,408,96,33,input,PatchTST,-0.5185731053352356
ETTh2,96,408,96,34,input,PatchTST,-0.3668646514415741
ETTh2,96,408,96,35,input,PatchTST,-0.29098886251449585
ETTh2,96,408,96,36,input,PatchTST,-0.1961224228143692
ETTh2,96,408,96,37,input,PatchTST,-0.12024662643671036
ETTh2,96,408,96,38,input,PatchTST,-0.04445711150765419
ETTh2,96,408,96,39,input,PatchTST,0.05040915310382843
ETTh2,96,408,96,40,input,PatchTST,0.10733760893344879
ETTh2,96,408,96,41,input,PatchTST,0.06939979642629623
ETTh2,96,408,96,42,input,PatchTST,-0.04445711150765419
ETTh2,96,408,96,43,input,PatchTST,-0.12024662643671036
ETTh2,96,408,96,44,input,PatchTST,-0.1961224228143692
ETTh2,96,408,96,45,input,PatchTST,-0.23410353064537048
ETTh2,96,408,96,46,input,PatchTST,-0.30997931957244873
ETTh2,96,408,96,47,input,PatchTST,-0.34787416458129883
ETTh2,96,408,96,48,input,PatchTST,-0.3668646514415741
ETTh2,96,408,96,49,input,PatchTST,-0.385855108499527
ETTh2,96,408,96,50,input,PatchTST,-0.4237499535083771
ETTh2,96,408,96,51,input,PatchTST,-0.44274044036865234
ETTh2,96,408,96,52,input,PatchTST,-0.48067840933799744
ETTh2,96,408,96,53,input,PatchTST,-0.5375204086303711
ETTh2,96,408,96,54,input,PatchTST,-0.575501561164856
ETTh2,96,408,96,55,input,PatchTST,-0.6323868632316589
ETTh2,96,408,96,56,input,PatchTST,-0.6323868632316589
ETTh2,96,408,96,57,input,PatchTST,-0.44274044036865234
ETTh2,96,408,96,58,input,PatchTST,-0.1961655616760254
ETTh2,96,408,96,59,input,PatchTST,0.08834712952375412
ETTh2,96,408,96,60,input,PatchTST,0.2779935598373413
ETTh2,96,408,96,61,input,PatchTST,0.5246115922927856
ETTh2,96,408,96,62,input,PatchTST,0.6573293805122375
ETTh2,96,408,96,63,input,PatchTST,0.6383821964263916
ETTh2,96,408,96,64,input,PatchTST,0.5246115922927856
ETTh2,96,408,96,65,input,PatchTST,0.3918071687221527
ETTh2,96,408,96,66,input,PatchTST,0.22115138173103333
ETTh2,96,408,96,67,input,PatchTST,0.08834712952375412
ETTh2,96,408,96,68,input,PatchTST,-0.006475997157394886
ETTh2,96,408,96,69,input,PatchTST,-0.12024662643671036
ETTh2,96,408,96,70,input,PatchTST,-0.17717507481575012
ETTh2,96,408,96,71,input,PatchTST,-0.25305086374282837
ETTh2,96,408,96,72,input,PatchTST,-0.29098886251449585
ETTh2,96,408,96,73,input,PatchTST,-0.3289266526699066
ETTh2,96,408,96,74,input,PatchTST,-0.40480244159698486
ETTh2,96,408,96,75,input,PatchTST,-0.48067840933799744
ETTh2,96,408,96,76,input,PatchTST,-0.575501561164856
ETTh2,96,408,96,77,input,PatchTST,-0.6703246831893921
ETTh2,96,408,96,78,input,PatchTST,-0.746200442314148
ETTh2,96,408,96,79,input,PatchTST,-0.7841384410858154
ETTh2,96,408,96,80,input,PatchTST,-0.6893153190612793
ETTh2,96,408,96,81,input,PatchTST,-0.40480244159698486
ETTh2,96,408,96,82,input,PatchTST,-0.17717507481575012
ETTh2,96,408,96,83,input,PatchTST,0.05040915310382843
ETTh2,96,408,96,84,input,PatchTST,0.18317025899887085
ETTh2,96,408,96,85,input,PatchTST,0.33492201566696167
ETTh2,96,408,96,86,input,PatchTST,0.48667341470718384
ETTh2,96,408,96,87,input,PatchTST,0.5246115922927856
ETTh2,96,408,96,88,input,PatchTST,0.44873562455177307
ETTh2,96,408,96,89,input,PatchTST,0.2779935598373413
ETTh2,96,408,96,90,input,PatchTST,0.1072944700717926
ETTh2,96,408,96,91,input,PatchTST,-0.025466637685894966
ETTh2,96,408,96,92,input,PatchTST,-0.10129929333925247
ETTh2,96,408,96,93,input,PatchTST,-0.15822774171829224
ETTh2,96,408,96,94,input,PatchTST,-0.1961224228143692
ETTh2,96,408,96,95,input,PatchTST,-0.23410353064537048
ETTh2,96,408,96,96,forecast,PatchTST,-0.13151374459266663
ETTh2,96,408,96,97,forecast,PatchTST,-0.2968021333217621
ETTh2,96,408,96,98,forecast,PatchTST,-0.4249332547187805
ETTh2,96,408,96,99,forecast,PatchTST,-0.3681950271129608
ETTh2,96,408,96,100,forecast,PatchTST,-0.5842909812927246
ETTh2,96,408,96,101,forecast,PatchTST,-0.5960303544998169
ETTh2,96,408,96,102,forecast,PatchTST,-0.5107420682907104
ETTh2,96,408,96,103,forecast,PatchTST,-0.5488702654838562
ETTh2,96,408,96,104,forecast,PatchTST,-0.798815131187439
ETTh2,96,408,96,105,forecast,PatchTST,-0.602660059928894
ETTh2,96,408,96,106,forecast,PatchTST,-0.4273878335952759
ETTh2,96,408,96,107,forecast,PatchTST,-0.27923014760017395
ETTh2,96,408,96,108,forecast,PatchTST,0.04072624444961548
ETTh2,96,408,96,109,forecast,PatchTST,0.13757523894309998
ETTh2,96,408,96,110,forecast,PatchTST,0.35352396965026855
ETTh2,96,408,96,111,forecast,PatchTST,0.1785050630569458
ETTh2,96,408,96,112,forecast,PatchTST,0.17802771925926208
ETTh2,96,408,96,113,forecast,PatchTST,-0.005558669567108154
ETTh2,96,408,96,114,forecast,PatchTST,-0.17347216606140137
ETTh2,96,408,96,115,forecast,PatchTST,-0.07512460649013519
ETTh2,96,408,96,116,forecast,PatchTST,-0.30189940333366394
ETTh2,96,408,96,117,forecast,PatchTST,-0.24484774470329285
ETTh2,96,408,96,118,forecast,PatchTST,-0.281893253326416
ETTh2,96,408,96,119,forecast,PatchTST,-0.27283787727355957
ETTh2,96,408,96,120,forecast,PatchTST,-0.20648659765720367
ETTh2,96,408,96,121,forecast,PatchTST,-0.4669928550720215
ETTh2,96,408,96,122,forecast,PatchTST,-0.4648663103580475
ETTh2,96,408,96,123,forecast,PatchTST,-0.5199308395385742
ETTh2,96,408,96,124,forecast,PatchTST,-0.656002938747406
ETTh2,96,408,96,125,forecast,PatchTST,-0.6918874979019165
ETTh2,96,408,96,126,forecast,PatchTST,-0.5704268217086792
ETTh2,96,408,96,127,forecast,PatchTST,-0.7305439710617065
ETTh2,96,408,96,128,forecast,PatchTST,-0.7584844827651978
ETTh2,96,408,96,129,forecast,PatchTST,-0.599372148513794
ETTh2,96,408,96,130,forecast,PatchTST,-0.5054360628128052
ETTh2,96,408,96,131,forecast,PatchTST,-0.2629019320011139
ETTh2,96,408,96,132,forecast,PatchTST,-0.07291920483112335
ETTh2,96,408,96,133,forecast,PatchTST,-0.22823186218738556
ETTh2,96,408,96,134,forecast,PatchTST,0.12980058789253235
ETTh2,96,408,96,135,forecast,PatchTST,0.10346350073814392
ETTh2,96,408,96,136,forecast,PatchTST,0.0730980932712555
ETTh2,96,408,96,137,forecast,PatchTST,-0.19014321267604828
ETTh2,96,408,96,138,forecast,PatchTST,-0.22839254140853882
ETTh2,96,408,96,139,forecast,PatchTST,-0.24123963713645935
ETTh2,96,408,96,140,forecast,PatchTST,-0.45975950360298157
ETTh2,96,408,96,141,forecast,PatchTST,-0.53700190782547
ETTh2,96,408,96,142,forecast,PatchTST,-0.6163977384567261
ETTh2,96,408,96,143,forecast,PatchTST,-0.4497469663619995
ETTh2,96,408,96,144,forecast,PatchTST,-0.3479159474372864
ETTh2,96,408,96,145,forecast,PatchTST,-0.446411669254303
ETTh2,96,408,96,146,forecast,PatchTST,-0.511997401714325
ETTh2,96,408,96,147,forecast,PatchTST,-0.5238575339317322
ETTh2,96,408,96,148,forecast,PatchTST,-0.5444677472114563
ETTh2,96,408,96,149,forecast,PatchTST,-0.5159488916397095
ETTh2,96,408,96,150,forecast,PatchTST,-0.5753248929977417
ETTh2,96,408,96,151,forecast,PatchTST,-0.7127728462219238
ETTh2,96,408,96,152,forecast,PatchTST,-0.6144144535064697
ETTh2,96,408,96,153,forecast,PatchTST,-0.45500683784484863
ETTh2,96,408,96,154,forecast,PatchTST,-0.17600376904010773
ETTh2,96,408,96,155,forecast,PatchTST,0.021834850311279297
ETTh2,96,408,96,156,forecast,PatchTST,0.3307204842567444
ETTh2,96,408,96,157,forecast,PatchTST,0.20037007331848145
ETTh2,96,408,96,158,forecast,PatchTST,0.45456600189208984
ETTh2,96,408,96,159,forecast,PatchTST,0.4351906180381775
ETTh2,96,408,96,160,forecast,PatchTST,0.15843543410301208
ETTh2,96,408,96,161,forecast,PatchTST,0.3378826975822449
ETTh2,96,408,96,162,forecast,PatchTST,-0.01971977949142456
ETTh2,96,408,96,163,forecast,PatchTST,-0.14609231054782867
ETTh2,96,408,96,164,forecast,PatchTST,-0.2933768630027771
ETTh2,96,408,96,165,forecast,PatchTST,-0.4338761568069458
ETTh2,96,408,96,166,forecast,PatchTST,-0.505120575428009
ETTh2,96,408,96,167,forecast,PatchTST,-0.5926756858825684
ETTh2,96,408,96,168,forecast,PatchTST,-0.6247016787528992
ETTh2,96,408,96,169,forecast,PatchTST,-0.4769743084907532
ETTh2,96,408,96,170,forecast,PatchTST,-0.5024051070213318
ETTh2,96,408,96,171,forecast,PatchTST,-0.7593945860862732
ETTh2,96,408,96,172,forecast,PatchTST,-0.7114109396934509
ETTh2,96,408,96,173,forecast,PatchTST,-0.7865716218948364
ETTh2,96,408,96,174,forecast,PatchTST,-0.8428269028663635
ETTh2,96,408,96,175,forecast,PatchTST,-0.7693581581115723
ETTh2,96,408,96,176,forecast,PatchTST,-0.8053334951400757
ETTh2,96,408,96,177,forecast,PatchTST,-0.62955641746521
ETTh2,96,408,96,178,forecast,PatchTST,-0.5137896537780762
ETTh2,96,408,96,179,forecast,PatchTST,-0.477813184261322
ETTh2,96,408,96,180,forecast,PatchTST,-0.14998063445091248
ETTh2,96,408,96,181,forecast,PatchTST,-0.08166679739952087
ETTh2,96,408,96,182,forecast,PatchTST,-0.028355509042739868
ETTh2,96,408,96,183,forecast,PatchTST,-0.05220609903335571
ETTh2,96,408,96,184,forecast,PatchTST,-0.20347803831100464
ETTh2,96,408,96,185,forecast,PatchTST,-0.3316888213157654
ETTh2,96,408,96,186,forecast,PatchTST,-0.4820706844329834
ETTh2,96,408,96,187,forecast,PatchTST,-0.5406863689422607
ETTh2,96,408,96,188,forecast,PatchTST,-0.6452333927154541
ETTh2,96,408,96,189,forecast,PatchTST,-0.79985111951828
ETTh2,96,408,96,190,forecast,PatchTST,-0.9092566967010498
ETTh2,96,408,96,191,forecast,PatchTST,-0.8492287397384644
ETTh2,96,408,96,0,input,TimesNet,-0.5944488644599915
ETTh2,96,408,96,1,input,TimesNet,-0.6323868632316589
ETTh2,96,408,96,2,input,TimesNet,-0.6323868632316589
ETTh2,96,408,96,3,input,TimesNet,-0.6513341665267944
ETTh2,96,408,96,4,input,TimesNet,-0.6892721652984619
ETTh2,96,408,96,5,input,TimesNet,-0.7651479840278625
ETTh2,96,408,96,6,input,TimesNet,-0.8031288981437683
ETTh2,96,408,96,7,input,TimesNet,-0.8410237431526184
ETTh2,96,408,96,8,input,TimesNet,-0.7651910781860352
ETTh2,96,408,96,9,input,TimesNet,-0.5375204086303711
ETTh2,96,408,96,10,input,TimesNet,-0.25305086374282837
ETTh2,96,408,96,11,input,TimesNet,0.03141867741942406
ETTh2,96,408,96,12,input,TimesNet,0.18317025899887085
ETTh2,96,408,96,13,input,TimesNet,0.33492201566696167
ETTh2,96,408,96,14,input,TimesNet,0.37281668186187744
ETTh2,96,408,96,15,input,TimesNet,0.37281668186187744
ETTh2,96,408,96,16,input,TimesNet,0.22115138173103333
ETTh2,96,408,96,17,input,TimesNet,0.12628494203090668
ETTh2,96,408,96,18,input,TimesNet,0.03141867741942406
ETTh2,96,408,96,19,input,TimesNet,-0.12024662643671036
ETTh2,96,408,96,20,input,TimesNet,-0.27199819684028625
ETTh2,96,408,96,21,input,TimesNet,-0.3668646514415741
ETTh2,96,408,96,22,input,TimesNet,-0.4237499535083771
ETTh2,96,408,96,23,input,TimesNet,-0.4237499535083771
ETTh2,96,408,96,24,input,TimesNet,-0.4617308974266052
ETTh2,96,408,96,25,input,TimesNet,-0.4617308974266052
ETTh2,96,408,96,26,input,TimesNet,-0.4996257424354553
ETTh2,96,408,96,27,input,TimesNet,-0.5375204086303711
ETTh2,96,408,96,28,input,TimesNet,-0.575501561164856
ETTh2,96,408,96,29,input,TimesNet,-0.6133962273597717
ETTh2,96,408,96,30,input,TimesNet,-0.6513773202896118
ETTh2,96,408,96,31,input,TimesNet,-0.6703246831893921
ETTh2,96,408,96,32,input,TimesNet,-0.6703246831893921
ETTh2,96,408,96,33,input,TimesNet,-0.5185731053352356
ETTh2,96,408,96,34,input,TimesNet,-0.3668646514415741
ETTh2,96,408,96,35,input,TimesNet,-0.29098886251449585
ETTh2,96,408,96,36,input,TimesNet,-0.1961224228143692
ETTh2,96,408,96,37,input,TimesNet,-0.12024662643671036
ETTh2,96,408,96,38,input,TimesNet,-0.04445711150765419
ETTh2,96,408,96,39,input,TimesNet,0.05040915310382843
ETTh2,96,408,96,40,input,TimesNet,0.10733760893344879
ETTh2,96,408,96,41,input,TimesNet,0.06939979642629623
ETTh2,96,408,96,42,input,TimesNet,-0.04445711150765419
ETTh2,96,408,96,43,input,TimesNet,-0.12024662643671036
ETTh2,96,408,96,44,input,TimesNet,-0.1961224228143692
ETTh2,96,408,96,45,input,TimesNet,-0.23410353064537048
ETTh2,96,408,96,46,input,TimesNet,-0.30997931957244873
ETTh2,96,408,96,47,input,TimesNet,-0.34787416458129883
ETTh2,96,408,96,48,input,TimesNet,-0.3668646514415741
ETTh2,96,408,96,49,input,TimesNet,-0.385855108499527
ETTh2,96,408,96,50,input,TimesNet,-0.4237499535083771
ETTh2,96,408,96,51,input,TimesNet,-0.44274044036865234
ETTh2,96,408,96,52,input,TimesNet,-0.48067840933799744
ETTh2,96,408,96,53,input,TimesNet,-0.5375204086303711
ETTh2,96,408,96,54,input,TimesNet,-0.575501561164856
ETTh2,96,408,96,55,input,TimesNet,-0.6323868632316589
ETTh2,96,408,96,56,input,TimesNet,-0.6323868632316589
ETTh2,96,408,96,57,input,TimesNet,-0.44274044036865234
ETTh2,96,408,96,58,input,TimesNet,-0.1961655616760254
ETTh2,96,408,96,59,input,TimesNet,0.08834712952375412
ETTh2,96,408,96,60,input,TimesNet,0.2779935598373413
ETTh2,96,408,96,61,input,TimesNet,0.5246115922927856
ETTh2,96,408,96,62,input,TimesNet,0.6573293805122375
ETTh2,96,408,96,63,input,TimesNet,0.6383821964263916
ETTh2,96,408,96,64,input,TimesNet,0.5246115922927856
ETTh2,96,408,96,65,input,TimesNet,0.3918071687221527
ETTh2,96,408,96,66,input,TimesNet,0.22115138173103333
ETTh2,96,408,96,67,input,TimesNet,0.08834712952375412
ETTh2,96,408,96,68,input,TimesNet,-0.006475997157394886
ETTh2,96,408,96,69,input,TimesNet,-0.12024662643671036
ETTh2,96,408,96,70,input,TimesNet,-0.17717507481575012
ETTh2,96,408,96,71,input,TimesNet,-0.25305086374282837
ETTh2,96,408,96,72,input,TimesNet,-0.29098886251449585
ETTh2,96,408,96,73,input,TimesNet,-0.3289266526699066
ETTh2,96,408,96,74,input,TimesNet,-0.40480244159698486
ETTh2,96,408,96,75,input,TimesNet,-0.48067840933799744
ETTh2,96,408,96,76,input,TimesNet,-0.575501561164856
ETTh2,96,408,96,77,input,TimesNet,-0.6703246831893921
ETTh2,96,408,96,78,input,TimesNet,-0.746200442314148
ETTh2,96,408,96,79,input,TimesNet,-0.7841384410858154
ETTh2,96,408,96,80,input,TimesNet,-0.6893153190612793
ETTh2,96,408,96,81,input,TimesNet,-0.40480244159698486
ETTh2,96,408,96,82,input,TimesNet,-0.17717507481575012
ETTh2,96,408,96,83,input,TimesNet,0.05040915310382843
ETTh2,96,408,96,84,input,TimesNet,0.18317025899887085
ETTh2,96,408,96,85,input,TimesNet,0.33492201566696167
ETTh2,96,408,96,86,input,TimesNet,0.48667341470718384
ETTh2,96,408,96,87,input,TimesNet,0.5246115922927856
ETTh2,96,408,96,88,input,TimesNet,0.44873562455177307
ETTh2,96,408,96,89,input,TimesNet,0.2779935598373413
ETTh2,96,408,96,90,input,TimesNet,0.1072944700717926
ETTh2,96,408,96,91,input,TimesNet,-0.025466637685894966
ETTh2,96,408,96,92,input,TimesNet,-0.10129929333925247
ETTh2,96,408,96,93,input,TimesNet,-0.15822774171829224
ETTh2,96,408,96,94,input,TimesNet,-0.1961224228143692
ETTh2,96,408,96,95,input,TimesNet,-0.23410353064537048
ETTh2,96,408,96,96,forecast,TimesNet,-0.4750615358352661
ETTh2,96,408,96,97,forecast,TimesNet,-0.6457383036613464
ETTh2,96,408,96,98,forecast,TimesNet,-0.7105381488800049
ETTh2,96,408,96,99,forecast,TimesNet,-0.7969717979431152
ETTh2,96,408,96,100,forecast,TimesNet,-0.7844787836074829
ETTh2,96,408,96,101,forecast,TimesNet,-0.68499356508255
ETTh2,96,408,96,102,forecast,TimesNet,-0.6747353672981262
ETTh2,96,408,96,103,forecast,TimesNet,-0.6400470733642578
ETTh2,96,408,96,104,forecast,TimesNet,-0.5426297187805176
ETTh2,96,408,96,105,forecast,TimesNet,-0.5284084677696228
ETTh2,96,408,96,106,forecast,TimesNet,-0.4252241253852844
ETTh2,96,408,96,107,forecast,TimesNet,-0.28968653082847595
ETTh2,96,408,96,108,forecast,TimesNet,-0.15808944404125214
ETTh2,96,408,96,109,forecast,TimesNet,0.20489108562469482
ETTh2,96,408,96,110,forecast,TimesNet,0.114712655544281
ETTh2,96,408,96,111,forecast,TimesNet,0.10155820846557617
ETTh2,96,408,96,112,forecast,TimesNet,0.2144206166267395
ETTh2,96,408,96,113,forecast,TimesNet,0.17894399166107178
ETTh2,96,408,96,114,forecast,TimesNet,0.0645507276058197
ETTh2,96,408,96,115,forecast,TimesNet,0.02907434105873108
ETTh2,96,408,96,116,forecast,TimesNet,-0.06618615984916687
ETTh2,96,408,96,117,forecast,TimesNet,-0.07244697213172913
ETTh2,96,408,96,118,forecast,TimesNet,-0.33352503180503845
ETTh2,96,408,96,119,forecast,TimesNet,-0.4559570550918579
ETTh2,96,408,96,120,forecast,TimesNet,-0.5081831216812134
ETTh2,96,408,96,121,forecast,TimesNet,-0.720611572265625
ETTh2,96,408,96,122,forecast,TimesNet,-0.7459688186645508
ETTh2,96,408,96,123,forecast,TimesNet,-0.7743621468544006
ETTh2,96,408,96,124,forecast,TimesNet,-0.8282976150512695
ETTh2,96,408,96,125,forecast,TimesNet,-0.7286031246185303
ETTh2,96,408,96,126,forecast,TimesNet,-0.7108654975891113
ETTh2,96,408,96,127,forecast,TimesNet,-0.7197072505950928
ETTh2,96,408,96,128,forecast,TimesNet,-0.5549351572990417
ETTh2,96,408,96,129,forecast,TimesNet,-0.5354026556015015
ETTh2,96,408,96,130,forecast,TimesNet,-0.34952738881111145
ETTh2,96,408,96,131,forecast,TimesNet,-0.2652524411678314
ETTh2,96,408,96,132,forecast,TimesNet,0.010290056467056274
ETTh2,96,408,96,133,forecast,TimesNet,0.04153028130531311
ETTh2,96,408,96,134,forecast,TimesNet,0.15247806906700134
ETTh2,96,408,96,135,forecast,TimesNet,0.21830320358276367
ETTh2,96,408,96,136,forecast,TimesNet,0.1891496777534485
ETTh2,96,408,96,137,forecast,TimesNet,-0.0021196603775024414
ETTh2,96,408,96,138,forecast,TimesNet,0.07720610499382019
ETTh2,96,408,96,139,forecast,TimesNet,0.042036741971969604
ETTh2,96,408,96,140,forecast,TimesNet,-0.0465201735496521
ETTh2,96,408,96,141,forecast,TimesNet,-0.12742631137371063
ETTh2,96,408,96,142,forecast,TimesNet,-0.26867201924324036
ETTh2,96,408,96,143,forecast,TimesNet,-0.43026939034461975
ETTh2,96,408,96,144,forecast,TimesNet,-0.6130852699279785
ETTh2,96,408,96,145,forecast,TimesNet,-0.6542951464653015
ETTh2,96,408,96,146,forecast,TimesNet,-0.814468264579773
ETTh2,96,408,96,147,forecast,TimesNet,-0.710918128490448
ETTh2,96,408,96,148,forecast,TimesNet,-0.7911875247955322
ETTh2,96,408,96,149,forecast,TimesNet,-0.8403226733207703
ETTh2,96,408,96,150,forecast,TimesNet,-0.7780138850212097
ETTh2,96,408,96,151,forecast,TimesNet,-0.7355849146842957
ETTh2,96,408,96,152,forecast,TimesNet,-0.7256045341491699
ETTh2,96,408,96,153,forecast,TimesNet,-0.6460928916931152
ETTh2,96,408,96,154,forecast,TimesNet,-0.3893111050128937
ETTh2,96,408,96,155,forecast,TimesNet,-0.2550528347492218
ETTh2,96,408,96,156,forecast,TimesNet,-0.09155553579330444
ETTh2,96,408,96,157,forecast,TimesNet,-0.02639228105545044
ETTh2,96,408,96,158,forecast,TimesNet,0.12103849649429321
ETTh2,96,408,96,159,forecast,TimesNet,0.18921679258346558
ETTh2,96,408,96,160,forecast,TimesNet,0.0730680525302887
ETTh2,96,408,96,161,forecast,TimesNet,0.0731918215751648
ETTh2,96,408,96,162,forecast,TimesNet,0.03303712606430054
ETTh2,96,408,96,163,forecast,TimesNet,0.014717191457748413
ETTh2,96,408,96,164,forecast,TimesNet,-0.2209044247865677
ETTh2,96,408,96,165,forecast,TimesNet,-0.18494026362895966
ETTh2,96,408,96,166,forecast,TimesNet,-0.23918479681015015
ETTh2,96,408,96,167,forecast,TimesNet,-0.4642559289932251
ETTh2,96,408,96,168,forecast,TimesNet,-0.4585099220275879
ETTh2,96,408,96,169,forecast,TimesNet,-0.6279275417327881
ETTh2,96,408,96,170,forecast,TimesNet,-0.7800534963607788
ETTh2,96,408,96,171,forecast,TimesNet,-0.8737757802009583
ETTh2,96,408,96,172,forecast,TimesNet,-0.9086488485336304
ETTh2,96,408,96,173,forecast,TimesNet,-0.7433193325996399
ETTh2,96,408,96,174,forecast,TimesNet,-0.7175230979919434
ETTh2,96,408,96,175,forecast,TimesNet,-0.6777365803718567
ETTh2,96,408,96,176,forecast,TimesNet,-0.6475558280944824
ETTh2,96,408,96,177,forecast,TimesNet,-0.6586036086082458
ETTh2,96,408,96,178,forecast,TimesNet,-0.4845064878463745
ETTh2,96,408,96,179,forecast,TimesNet,-0.2548968493938446
ETTh2,96,408,96,180,forecast,TimesNet,-0.23523575067520142
ETTh2,96,408,96,181,forecast,TimesNet,-0.07892923057079315
ETTh2,96,408,96,182,forecast,TimesNet,0.28265804052352905
ETTh2,96,408,96,183,forecast,TimesNet,0.05157738924026489
ETTh2,96,408,96,184,forecast,TimesNet,-0.028462082147598267
ETTh2,96,408,96,185,forecast,TimesNet,0.17772293090820312
ETTh2,96,408,96,186,forecast,TimesNet,0.05554419755935669
ETTh2,96,408,96,187,forecast,TimesNet,-0.0011228322982788086
ETTh2,96,408,96,188,forecast,TimesNet,-0.028823107481002808
ETTh2,96,408,96,189,forecast,TimesNet,-0.18823891878128052
ETTh2,96,408,96,190,forecast,TimesNet,-0.18230745196342468
ETTh2,96,408,96,191,forecast,TimesNet,-0.5070676803588867
ETTh2,96,408,96,0,input,DLinear,-0.5944488644599915
ETTh2,96,408,96,1,input,DLinear,-0.6323868632316589
ETTh2,96,408,96,2,input,DLinear,-0.6323868632316589
ETTh2,96,408,96,3,input,DLinear,-0.6513341665267944
ETTh2,96,408,96,4,input,DLinear,-0.6892721652984619
ETTh2,96,408,96,5,input,DLinear,-0.7651479840278625
ETTh2,96,408,96,6,input,DLinear,-0.8031288981437683
ETTh2,96,408,96,7,input,DLinear,-0.8410237431526184
ETTh2,96,408,96,8,input,DLinear,-0.7651910781860352
ETTh2,96,408,96,9,input,DLinear,-0.5375204086303711
ETTh2,96,408,96,10,input,DLinear,-0.25305086374282837
ETTh2,96,408,96,11,input,DLinear,0.03141867741942406
ETTh2,96,408,96,12,input,DLinear,0.18317025899887085
ETTh2,96,408,96,13,input,DLinear,0.33492201566696167
ETTh2,96,408,96,14,input,DLinear,0.37281668186187744
ETTh2,96,408,96,15,input,DLinear,0.37281668186187744
ETTh2,96,408,96,16,input,DLinear,0.22115138173103333
ETTh2,96,408,96,17,input,DLinear,0.12628494203090668
ETTh2,96,408,96,18,input,DLinear,0.03141867741942406
ETTh2,96,408,96,19,input,DLinear,-0.12024662643671036
ETTh2,96,408,96,20,input,DLinear,-0.27199819684028625
ETTh2,96,408,96,21,input,DLinear,-0.3668646514415741
ETTh2,96,408,96,22,input,DLinear,-0.4237499535083771
ETTh2,96,408,96,23,input,DLinear,-0.4237499535083771
ETTh2,96,408,96,24,input,DLinear,-0.4617308974266052
ETTh2,96,408,96,25,input,DLinear,-0.4617308974266052
ETTh2,96,408,96,26,input,DLinear,-0.4996257424354553
ETTh2,96,408,96,27,input,DLinear,-0.5375204086303711
ETTh2,96,408,96,28,input,DLinear,-0.575501561164856
ETTh2,96,408,96,29,input,DLinear,-0.6133962273597717
ETTh2,96,408,96,30,input,DLinear,-0.6513773202896118
ETTh2,96,408,96,31,input,DLinear,-0.6703246831893921
ETTh2,96,408,96,32,input,DLinear,-0.6703246831893921
ETTh2,96,408,96,33,input,DLinear,-0.5185731053352356
ETTh2,96,408,96,34,input,DLinear,-0.3668646514415741
ETTh2,96,408,96,35,input,DLinear,-0.29098886251449585
ETTh2,96,408,96,36,input,DLinear,-0.1961224228143692
ETTh2,96,408,96,37,input,DLinear,-0.12024662643671036
ETTh2,96,408,96,38,input,DLinear,-0.04445711150765419
ETTh2,96,408,96,39,input,DLinear,0.05040915310382843
ETTh2,96,408,96,40,input,DLinear,0.10733760893344879
ETTh2,96,408,96,41,input,DLinear,0.06939979642629623
ETTh2,96,408,96,42,input,DLinear,-0.04445711150765419
ETTh2,96,408,96,43,input,DLinear,-0.12024662643671036
ETTh2,96,408,96,44,input,DLinear,-0.1961224228143692
ETTh2,96,408,96,45,input,DLinear,-0.23410353064537048
ETTh2,96,408,96,46,input,DLinear,-0.30997931957244873
ETTh2,96,408,96,47,input,DLinear,-0.34787416458129883
ETTh2,96,408,96,48,input,DLinear,-0.3668646514415741
ETTh2,96,408,96,49,input,DLinear,-0.385855108499527
ETTh2,96,408,96,50,input,DLinear,-0.4237499535083771
ETTh2,96,408,96,51,input,DLinear,-0.44274044036865234
ETTh2,96,408,96,52,input,DLinear,-0.48067840933799744
ETTh2,96,408,96,53,input,DLinear,-0.5375204086303711
ETTh2,96,408,96,54,input,DLinear,-0.575501561164856
ETTh2,96,408,96,55,input,DLinear,-0.6323868632316589
ETTh2,96,408,96,56,input,DLinear,-0.6323868632316589
ETTh2,96,408,96,57,input,DLinear,-0.44274044036865234
ETTh2,96,408,96,58,input,DLinear,-0.1961655616760254
ETTh2,96,408,96,59,input,DLinear,0.08834712952375412
ETTh2,96,408,96,60,input,DLinear,0.2779935598373413
ETTh2,96,408,96,61,input,DLinear,0.5246115922927856
ETTh2,96,408,96,62,input,DLinear,0.6573293805122375
ETTh2,96,408,96,63,input,DLinear,0.6383821964263916
ETTh2,96,408,96,64,input,DLinear,0.5246115922927856
ETTh2,96,408,96,65,input,DLinear,0.3918071687221527
ETTh2,96,408,96,66,input,DLinear,0.22115138173103333
ETTh2,96,408,96,67,input,DLinear,0.08834712952375412
ETTh2,96,408,96,68,input,DLinear,-0.006475997157394886
ETTh2,96,408,96,69,input,DLinear,-0.12024662643671036
ETTh2,96,408,96,70,input,DLinear,-0.17717507481575012
ETTh2,96,408,96,71,input,DLinear,-0.25305086374282837
ETTh2,96,408,96,72,input,DLinear,-0.29098886251449585
ETTh2,96,408,96,73,input,DLinear,-0.3289266526699066
ETTh2,96,408,96,74,input,DLinear,-0.40480244159698486
ETTh2,96,408,96,75,input,DLinear,-0.48067840933799744
ETTh2,96,408,96,76,input,DLinear,-0.575501561164856
ETTh2,96,408,96,77,input,DLinear,-0.6703246831893921
ETTh2,96,408,96,78,input,DLinear,-0.746200442314148
ETTh2,96,408,96,79,input,DLinear,-0.7841384410858154
ETTh2,96,408,96,80,input,DLinear,-0.6893153190612793
ETTh2,96,408,96,81,input,DLinear,-0.40480244159698486
ETTh2,96,408,96,82,input,DLinear,-0.17717507481575012
ETTh2,96,408,96,83,input,DLinear,0.05040915310382843
ETTh2,96,408,96,84,input,DLinear,0.18317025899887085
ETTh2,96,408,96,85,input,DLinear,0.33492201566696167
ETTh2,96,408,96,86,input,DLinear,0.48667341470718384
ETTh2,96,408,96,87,input,DLinear,0.5246115922927856
ETTh2,96,408,96,88,input,DLinear,0.44873562455177307
ETTh2,96,408,96,89,input,DLinear,0.2779935598373413
ETTh2,96,408,96,90,input,DLinear,0.1072944700717926
ETTh2,96,408,96,91,input,DLinear,-0.025466637685894966
ETTh2,96,408,96,92,input,DLinear,-0.10129929333925247
ETTh2,96,408,96,93,input,DLinear,-0.15822774171829224
ETTh2,96,408,96,94,input,DLinear,-0.1961224228143692
ETTh2,96,408,96,95,input,DLinear,-0.23410353064537048
ETTh2,96,408,96,96,forecast,DLinear,-0.3570072650909424
ETTh2,96,408,96,97,forecast,DLinear,-0.42304113507270813
ETTh2,96,408,96,98,forecast,DLinear,-0.4675552248954773
ETTh2,96,408,96,99,forecast,DLinear,-0.49542436003685
ETTh2,96,408,96,100,forecast,DLinear,-0.5302859544754028
ETTh2,96,408,96,101,forecast,DLinear,-0.5757869482040405
ETTh2,96,408,96,102,forecast,DLinear,-0.5852086544036865
ETTh2,96,408,96,103,forecast,DLinear,-0.55579674243927
ETTh2,96,408,96,104,forecast,DLinear,-0.47970956563949585
ETTh2,96,408,96,105,forecast,DLinear,-0.33859705924987793
ETTh2,96,408,96,106,forecast,DLinear,-0.15081527829170227
ETTh2,96,408,96,107,forecast,DLinear,0.022121280431747437
ETTh2,96,408,96,108,forecast,DLinear,0.18147870898246765
ETTh2,96,408,96,109,forecast,DLinear,0.3056715726852417
ETTh2,96,408,96,110,forecast,DLinear,0.3737906813621521
ETTh2,96,408,96,111,forecast,DLinear,0.37739109992980957
ETTh2,96,408,96,112,forecast,DLinear,0.3351236581802368
ETTh2,96,408,96,113,forecast,DLinear,0.2232300490140915
ETTh2,96,408,96,114,forecast,DLinear,0.11228139698505402
ETTh2,96,408,96,115,forecast,DLinear,0.008393585681915283
ETTh2,96,408,96,116,forecast,DLinear,-0.10351549088954926
ETTh2,96,408,96,117,forecast,DLinear,-0.19551266729831696
ETTh2,96,408,96,118,forecast,DLinear,-0.2444506734609604
ETTh2,96,408,96,119,forecast,DLinear,-0.3242553174495697
ETTh2,96,408,96,120,forecast,DLinear,-0.36027467250823975
ETTh2,96,408,96,121,forecast,DLinear,-0.41926878690719604
ETTh2,96,408,96,122,forecast,DLinear,-0.4459511339664459
ETTh2,96,408,96,123,forecast,DLinear,-0.48857739567756653
ETTh2,96,408,96,124,forecast,DLinear,-0.5403052568435669
ETTh2,96,408,96,125,forecast,DLinear,-0.5698471665382385
ETTh2,96,408,96,126,forecast,DLinear,-0.5828126668930054
ETTh2,96,408,96,127,forecast,DLinear,-0.5642268657684326
ETTh2,96,408,96,128,forecast,DLinear,-0.4823945164680481
ETTh2,96,408,96,129,forecast,DLinear,-0.31756114959716797
ETTh2,96,408,96,130,forecast,DLinear,-0.14197149872779846
ETTh2,96,408,96,131,forecast,DLinear,0.034546419978141785
ETTh2,96,408,96,132,forecast,DLinear,0.1942334622144699
ETTh2,96,408,96,133,forecast,DLinear,0.3062114715576172
ETTh2,96,408,96,134,forecast,DLinear,0.3753111660480499
ETTh2,96,408,96,135,forecast,DLinear,0.37858492136001587
ETTh2,96,408,96,136,forecast,DLinear,0.3223991394042969
ETTh2,96,408,96,137,forecast,DLinear,0.23317654430866241
ETTh2,96,408,96,138,forecast,DLinear,0.14402441680431366
ETTh2,96,408,96,139,forecast,DLinear,0.020498335361480713
ETTh2,96,408,96,140,forecast,DLinear,-0.08543864637613297
ETTh2,96,408,96,141,forecast,DLinear,-0.18095523118972778
ETTh2,96,408,96,142,forecast,DLinear,-0.23780278861522675
ETTh2,96,408,96,143,forecast,DLinear,-0.3110504448413849
ETTh2,96,408,96,144,forecast,DLinear,-0.36226099729537964
ETTh2,96,408,96,145,forecast,DLinear,-0.42001038789749146
ETTh2,96,408,96,146,forecast,DLinear,-0.4433981776237488
ETTh2,96,408,96,147,forecast,DLinear,-0.5142056345939636
ETTh2,96,408,96,148,forecast,DLinear,-0.5505249500274658
ETTh2,96,408,96,149,forecast,DLinear,-0.5800933241844177
ETTh2,96,408,96,150,forecast,DLinear,-0.588257908821106
ETTh2,96,408,96,151,forecast,DLinear,-0.5681175589561462
ETTh2,96,408,96,152,forecast,DLinear,-0.46013158559799194
ETTh2,96,408,96,153,forecast,DLinear,-0.30388104915618896
ETTh2,96,408,96,154,forecast,DLinear,-0.14731638133525848
ETTh2,96,408,96,155,forecast,DLinear,0.017914488911628723
ETTh2,96,408,96,156,forecast,DLinear,0.20235571265220642
ETTh2,96,408,96,157,forecast,DLinear,0.3050054907798767
ETTh2,96,408,96,158,forecast,DLinear,0.37127962708473206
ETTh2,96,408,96,159,forecast,DLinear,0.3575684726238251
ETTh2,96,408,96,160,forecast,DLinear,0.3177734315395355
ETTh2,96,408,96,161,forecast,DLinear,0.20131218433380127
ETTh2,96,408,96,162,forecast,DLinear,0.10814495384693146
ETTh2,96,408,96,163,forecast,DLinear,-0.00440959632396698
ETTh2,96,408,96,164,forecast,DLinear,-0.12984776496887207
ETTh2,96,408,96,165,forecast,DLinear,-0.2337959259748459
ETTh2,96,408,96,166,forecast,DLinear,-0.28731539845466614
ETTh2,96,408,96,167,forecast,DLinear,-0.383128821849823
ETTh2,96,408,96,168,forecast,DLinear,-0.41592907905578613
ETTh2,96,408,96,169,forecast,DLinear,-0.4753047525882721
ETTh2,96,408,96,170,forecast,DLinear,-0.510226845741272
ETTh2,96,408,96,171,forecast,DLinear,-0.5442745685577393
ETTh2,96,408,96,172,forecast,DLinear,-0.5682898759841919
ETTh2,96,408,96,173,forecast,DLinear,-0.579580545425415
ETTh2,96,408,96,174,forecast,DLinear,-0.5868604779243469
ETTh2,96,408,96,175,forecast,DLinear,-0.5496593713760376
ETTh2,96,408,96,176,forecast,DLinear,-0.46294063329696655
ETTh2,96,408,96,177,forecast,DLinear,-0.3092982769012451
ETTh2,96,408,96,178,forecast,DLinear,-0.15556025505065918
ETTh2,96,408,96,179,forecast,DLinear,0.046729907393455505
ETTh2,96,408,96,180,forecast,DLinear,0.20170605182647705
ETTh2,96,408,96,181,forecast,DLinear,0.2969350218772888
ETTh2,96,408,96,182,forecast,DLinear,0.35879120230674744
ETTh2,96,408,96,183,forecast,DLinear,0.3655690550804138
ETTh2,96,408,96,184,forecast,DLinear,0.3165854811668396
ETTh2,96,408,96,185,forecast,DLinear,0.21037927269935608
ETTh2,96,408,96,186,forecast,DLinear,0.0890967845916748
ETTh2,96,408,96,187,forecast,DLinear,-0.008316084742546082
ETTh2,96,408,96,188,forecast,DLinear,-0.09890296310186386
ETTh2,96,408,96,189,forecast,DLinear,-0.181112140417099
ETTh2,96,408,96,190,forecast,DLinear,-0.2569681406021118
ETTh2,96,408,96,191,forecast,DLinear,-0.3122648596763611
