panel,dataset,horizon,setting,test_mse,test_mae,parameter_count,seed_count,baseline_mse,baseline_mae,baseline_parameter_count,mse_change_pct,mae_change_pct,parameter_change_pct
pooling_width,ETTm1,96,8,0.3017446610155046,0.35464630651969203,1004493.0,3,0.2980809865980488,0.35206386011996865,1004013.0,1.229086920057787,0.7335164702345187,0.047808145910455124
pooling_width,ETTm2,96,8,0.17465051090028746,0.2634099774567516,1004493.0,3,0.175459243027235,0.2638671479644675,1004013.0,-0.4609230685111321,-0.1732578349531555,0.047808145910455124
pooling_width,ETTm1,96,16,0.2980809865980488,0.35206386011996865,1004013.0,3,0.2980809865980488,0.35206386011996865,1004013.0,0.0,0.0,0.0
pooling_width,ETTm2,96,16,0.175459243027235,0.2638671479644675,1004013.0,3,0.175459243027235,0.2638671479644675,1004013.0,0.0,0.0,0.0
pooling_width,ETTm1,96,24,0.2997186374167446,0.3532477984120848,1003853.0,3,0.2980809865980488,0.35206386011996865,1004013.0,0.5493979463051302,0.33628509660512673,-0.015936048636822076
pooling_width,ETTm2,96,24,0.17446407509472828,0.26316244246467707,1003853.0,3,0.175459243027235,0.2638671479644675,1004013.0,-0.5671789729266408,-0.267068297522699,-0.015936048636822076
pooling_width,ETTm1,720,8,0.42994972346532495,0.4292102583333348,6836397.0,3,0.4285775581438897,0.428472593087392,6835917.0,0.32016732919426527,0.1721615939604293,0.0070217353429047336
pooling_width,ETTm2,720,8,0.37578460624606996,0.392089963488861,6836397.0,3,0.37535094167338007,0.3918036578740014,6835917.0,0.11553576254705877,0.07307374729810245,0.0070217353429047336
pooling_width,ETTm1,720,16,0.4285775581438897,0.428472593087392,6835917.0,3,0.4285775581438897,0.428472593087392,6835917.0,0.0,0.0,0.0
pooling_width,ETTm2,720,16,0.37535094167338007,0.3918036578740014,6835917.0,3,0.37535094167338007,0.3918036578740014,6835917.0,0.0,0.0,0.0
pooling_width,ETTm1,720,24,0.4306843771330069,0.4307939196535575,6835757.0,3,0.4285775581438897,0.428472593087392,6835917.0,0.49158406666029997,0.5417678058330377,-0.002340578447634911
pooling_width,ETTm2,720,24,0.37462963653267295,0.39175258483671,6835757.0,3,0.37535094167338007,0.3918036578740014,6835917.0,-0.19216819797798212,-0.013035365103153396,-0.002340578447634911
recent_window,ETTm1,96,48,0.30524776988625546,0.35547760660719313,555597.0,3,0.2980809865980488,0.35206386011996865,1004013.0,2.4043074232945827,0.9696384303862438,-44.662369909552964
recent_window,ETTm2,96,48,0.17140194142060616,0.26280175246376203,555597.0,3,0.175459243027235,0.2638671479644675,1004013.0,-2.3123897815967798,-0.40376208593003726,-44.662369909552964
recent_window,ETTm1,96,96,0.2980809865980488,0.35206386011996865,1004013.0,3,0.2980809865980488,0.35206386011996865,1004013.0,0.0,0.0,0.0
recent_window,ETTm2,96,96,0.175459243027235,0.2638671479644675,1004013.0,3,0.175459243027235,0.2638671479644675,1004013.0,0.0,0.0,0.0
recent_window,ETTm1,96,192,0.2924188488841715,0.34454141871677674,1900845.0,3,0.2980809865980488,0.35206386011996865,1004013.0,-1.8995299829413392,-2.1366695805211555,89.32473981910593
recent_window,ETTm2,96,192,0.17807738727927183,0.2648663901441364,1900845.0,3,0.175459243027235,0.2638671479644675,1004013.0,1.4921666176517245,0.3786913935202918,89.32473981910593
recent_window,ETTm1,720,48,0.4374880383485024,0.4330072483687501,3482157.0,3,0.4285775581438897,0.428472593087392,6835917.0,2.0790823120097057,1.0583303003544042,-49.06086484081068
recent_window,ETTm2,720,48,0.38603516561431556,0.40113262869869565,3482157.0,3,0.37535094167338007,0.3918036578740014,6835917.0,2.8464625380459463,2.3810320902349247,-49.06086484081068
recent_window,ETTm1,720,96,0.4285775581438897,0.428472593087392,6835917.0,3,0.4285775581438897,0.428472593087392,6835917.0,0.0,0.0,0.0
recent_window,ETTm2,720,96,0.37535094167338007,0.3918036578740014,6835917.0,3,0.37535094167338007,0.3918036578740014,6835917.0,0.0,0.0,0.0
recent_window,ETTm1,720,192,0.43262957835527743,0.4301087874050998,13543437.0,3,0.4285775581438897,0.428472593087392,6835917.0,0.9454578604013886,0.3818667387610608,98.12172968162136
recent_window,ETTm2,720,192,0.38725848741696406,0.39833863461712676,13543437.0,3,0.37535094167338007,0.3918036578740014,6835917.0,3.1723766804734987,1.6679213202309917,98.12172968162136
total_history,ETTm1,96,192,0.30449898993508123,0.35426320824790875,1003725.0,3,0.2980809865980488,0.35206386011996865,1004013.0,2.153107251247399,0.6247014752353897,-0.028684887546281956
total_history,ETTm2,96,192,0.1728751028062304,0.258456389406085,1003725.0,3,0.175459243027235,0.2638671479644675,1004013.0,-1.4727866007056112,-2.050561655788652,-0.028684887546281956
total_history,weather,96,192,0.15384340303647856,0.20264391471927712,1004775.0,3,0.14614128419496852,0.1965337415883742,1005063.0,5.270323771915519,3.1089690154580296,-0.028654920139337126
total_history,ETTm1,96,336,0.2980809865980488,0.35206386011996865,1004013.0,3,0.2980809865980488,0.35206386011996865,1004013.0,0.0,0.0,0.0
total_history,ETTm2,96,336,0.175459243027235,0.2638671479644675,1004013.0,3,0.175459243027235,0.2638671479644675,1004013.0,0.0,0.0,0.0
total_history,weather,96,336,0.14614128419496852,0.1965337415883742,1005063.0,3,0.14614128419496852,0.1965337415883742,1005063.0,0.0,0.0,0.0
total_history,ETTm1,96,720,0.30043750227191185,0.35527660835597086,1004781.0,3,0.2980809865980488,0.35206386011996865,1004013.0,0.7905622229574361,0.9125470120413537,0.07649303345673708
total_history,ETTm2,96,720,0.17334213121424843,0.26151350404739976,1004781.0,3,0.175459243027235,0.2638671479644675,1004013.0,-1.2066117329925685,-0.8919806558809085,0.07649303345673708
total_history,weather,96,720,0.14351133238593608,0.19564263205550395,1005831.0,3,0.14614128419496852,0.1965337415883742,1005063.0,-1.7995953871075887,-0.4534129995533376,0.07641312037156567
total_history,ETTm1,96,960,0.3030872909096338,0.35597610523716366,1005261.0,3,0.2980809865980488,0.35206386011996865,1004013.0,1.6795114538237232,1.1112316713967507,0.1243011793671922
total_history,ETTm2,96,960,0.1717818813821497,0.26266903889878557,1005261.0,3,0.175459243027235,0.2638671479644675,1004013.0,-2.0958494871167854,-0.45405768581818773,0.1243011793671922
total_history,weather,96,960,0.14403482938372325,0.19745422075129862,1006311.0,3,0.14614128419496852,0.1965337415883742,1005063.0,-1.4413824422365384,0.4683568101259139,0.12417132060378311
total_history,ETTm1,720,192,0.43403885377789564,0.43273420181158667,6835629.0,3,0.4285775581438897,0.428472593087392,6835917.0,1.2742840893624985,0.9946047408744052,-0.004213041205736179
total_history,ETTm2,720,192,0.3792639133504427,0.3908334873027744,6835629.0,3,0.37535094167338007,0.3918036578740014,6835917.0,1.0424835114620778,-0.24761651703083531,-0.004213041205736179
total_history,weather,720,192,0.32972826701280006,0.33577313102655,6836679.0,3,0.31770154919384175,0.3314500676283834,6836967.0,3.785539557322193,1.304287981927188,-0.004212394180047596
total_history,ETTm1,720,336,0.4285775581438897,0.428472593087392,6835917.0,3,0.4285775581438897,0.428472593087392,6835917.0,0.0,0.0,0.0
total_history,ETTm2,720,336,0.37535094167338007,0.3918036578740014,6835917.0,3,0.37535094167338007,0.3918036578740014,6835917.0,0.0,0.0,0.0
total_history,weather,720,336,0.31770154919384175,0.3314500676283834,6836967.0,3,0.31770154919384175,0.3314500676283834,6836967.0,0.0,0.0,0.0
total_history,ETTm1,720,720,0.4234810051513944,0.42670875563694005,6836685.0,3,0.4285775581438897,0.428472593087392,6835917.0,-1.1891786902160195,-0.4116570065176073,0.01123477654862981
total_history,ETTm2,720,720,0.3678095021524808,0.394958402360897,6836685.0,3,0.37535094167338007,0.3918036578740014,6835917.0,-2.009170268037208,0.8051850521288761,0.01123477654862981
total_history,weather,720,720,0.30580690270366484,0.32892710293845767,6837735.0,3,0.31770154919384175,0.3314500676283834,6836967.0,-3.7439686776344683,-0.7611899759074614,0.011233051146808393
total_history,ETTm1,720,960,0.4180930632514683,0.4265852356733653,6837165.0,3,0.4285775581438897,0.428472593087392,6835917.0,-2.44634715308667,-0.44048497954727317,0.018256511891534544
total_history,ETTm2,720,960,0.3611437238950626,0.3938268838299253,6837165.0,3,0.37535094167338007,0.3918036578740014,6835917.0,-3.785049190226941,0.5163877149341412,0.018256511891534544
total_history,weather,720,960,0.30350890876285147,0.32845654961077947,6838215.0,3,0.31770154919384175,0.3314500676283834,6836967.0,-4.4672871337907205,-0.9031580651117088,0.018253708113546985
